"source_id","title","type","tier","url","scope","access_status","last_url_check","last_http_status","quality_note","used_by_player_ids","used_by_player_names"
"research_yousician_foundational","Foundational Knowledge of Yousician Users","Internal research","High","https://yousician.atlassian.net/wiki/spaces/Research/pages/6040158226","Yousician users, motivations, pain points, and learning needs","auth-required","2026-06-10","200","Internal Confluence source. Trusted when authenticated, but not publicly verifiable from this artifact.","",""
"research_guitartuna_foundational","Foundational Knowledge of GuitarTuna Users","Internal research","High","https://yousician.atlassian.net/wiki/spaces/Research/pages/6040977421","GuitarTuna users, self-guided practice, songs, and product expectations","auth-required","2026-06-10","200","Internal Confluence source. Trusted when authenticated, but not publicly verifiable from this artifact.","bandlab","BandLab"
"research_market_cross_product","Market Research for both Yousician and GuitarTuna","Internal research","High","https://yousician.atlassian.net/wiki/spaces/Research/pages/6041960456","Music hobby market, category awareness, competitors, and guitar motivations","auth-required","2026-06-10","200","Internal Confluence source. Trusted when authenticated, but not publicly verifiable from this artifact.","simply | ultimate-guitar | fender-play | fender | marty-music | youtube-artists","Simply | Ultimate Guitar | Fender Play | Fender | Marty Music | YouTube"
"simply_guitar","Simply Guitar product page","Official product","High","https://www.hellosimply.com/simply-guitar","Song-led guitar learning, real-time feedback, chords/tabs, and positioning","verified","2026-06-10","200","Automated URL check passed on 2026-06-10.","simply","Simply"
"simply_home","Simply product family","Official company","High","https://www.hellosimply.com/","Simply product portfolio and creative-hobby positioning","verified","2026-06-10","200","Automated URL check passed on 2026-06-10.","simply","Simply"
"ultimate_guitar_about","Ultimate Guitar About","Official product","High","https://www.ultimate-guitar.com/about/","Tabs, official tabs, tools, community, and scale claims","access-restricted","2026-06-10","403","Automated URL check returned 403; manually open before board-ready use.","ultimate-guitar","Ultimate Guitar"
"muse_group","Muse Group ecosystem","Official company","High","https://www.mu.se/","Ultimate Guitar, MuseScore, Audacity, StaffPad, user-scale and product ecosystem","verified","2026-06-10","200","Automated URL check passed on 2026-06-10.","ultimate-guitar | musescore | audacity","Ultimate Guitar | MuseScore | Audacity"
"fender_play","Fender Play","Official product","High","https://www.fender.com/play","Guitar, bass, and ukulele learning app from Fender","access-restricted","2026-06-10","403","Automated URL check returned 403; manually open before board-ready use.","fender-play | fender","Fender Play | Fender"
"flowkey_official","flowkey piano learning app","Official product","High","https://www.flowkey.com/en","Interactive piano learning, instant feedback, wait mode, and song library","verified","2026-06-10","200","Automated URL check passed on 2026-06-10.","flowkey","Flowkey"
"flowkey_google_play","flowkey on Google Play","App store","Medium","https://play.google.com/store/apps/details?hl=en_US&id=com.flowkey.app","App listing, courses, practice tools, and feedback claims","verified","2026-06-10","200","Automated URL check passed on 2026-06-10.","flowkey","Flowkey"
"skoove_official","Skoove piano learning app","Official product","High","https://www.skoove.com/en","Interactive piano lessons, instant feedback, songs, and guided curriculum","verified","2026-06-10","200","Automated URL check passed on 2026-06-10.","skoove","Skoove"
"skoove_google_play","Skoove on Google Play","App store","Medium","https://play.google.com/store/apps/details?hl=en_US&id=com.skoove.piano","AI listening, real-time feedback, songs, courses, and practice tools","verified","2026-06-10","200","Automated URL check passed on 2026-06-10.","skoove","Skoove"
"justinguitar_site","JustinGuitar","Official product","High","https://www.justinguitar.com/","Free online guitar lessons, beginner courses, and song-led guitar education","access-restricted","2026-06-10","403","Automated URL check returned 403; manually open before board-ready use.","justinguitar","JustinGuitar"
"justinguitar_app","Justin Guitar App","Official product","High","https://justinguitarapp.com/","App-based lessons, exercises, and play-along tracks","verified","2026-06-10","200","Automated URL check passed on 2026-06-10.","justinguitar","JustinGuitar"
"artie_artmaster","Artie by ArtMaster","Official product","High","https://www.artmaster.com/artie","AI piano teacher, real-time feedback, adaptive learning, and song-led positioning","verified","2026-06-10","200","Automated URL check passed on 2026-06-10.","artie-piano","Artie Piano"
"artie_app_store","Artie on App Store","App store","Medium","https://apps.apple.com/us/app/artie-learn-piano-with-ai/id6746756746","App listing for AI piano learning, feedback, songs, and practice tools","verified","2026-06-10","200","Automated URL check passed on 2026-06-10.","artie-piano","Artie Piano"
"yamaha_products","Yamaha products and services","Official company","High","https://www.yamaha.com/en/products-services/","Musical instruments, music education, audio, and Yamaha group brands","verified","2026-06-10","200","Automated URL check passed on 2026-06-10.","yamaha","Yamaha"
"yamaha_education","Yamaha Music Education","Official product","High","https://usa.yamaha.com/education/index.html","Music education products, Yamaha Music School, and learning infrastructure","verified","2026-06-10","200","Automated URL check passed on 2026-06-10.","yamaha","Yamaha"
"thomann_official","Thomann online music retail","Official company","High","https://www.thomannmusic.com/","European music retail scale, gear catalog, and channel surface","verified","2026-06-10","200","Automated URL check passed on 2026-06-10.","thomann","Thomann"
"sweetwater_official","Sweetwater music retail","Official company","High","https://www.sweetwater.com/","US music instrument and pro-audio retail, sales support, and content surface","verified","2026-06-10","200","Automated URL check passed on 2026-06-10.","sweetwater","Sweetwater"
"bandlab_official","BandLab music creation platform","Official product","High","https://www.bandlab.com/?lang=en","Online music creation, collaboration, and sharing","verified","2026-06-10","200","Automated URL check passed on 2026-06-10.","bandlab","BandLab"
"bandlab_app_store","BandLab on App Store","App store","Medium","https://apps.apple.com/us/app/bandlab-music-maker-beats/id968585775","Mobile studio, AI tools, collaboration, and ratings","verified","2026-06-10","200","Automated URL check passed on 2026-06-10.","bandlab","BandLab"
"musescore_org","MuseScore Studio","Official product","High","https://musescore.org/","Free open-source music notation software","verified","2026-06-10","200","Automated URL check passed on 2026-06-10.","musescore","MuseScore"
"muse_group_musescore","MuseScore Studio by Muse Group","Official company","High","https://www.mu.se/musescore-studio","MuseScore product scale and ownership context","verified","2026-06-10","200","Automated URL check passed on 2026-06-10.","musescore","MuseScore"
"songsterr_official","Songsterr","Official product","High","https://www.songsterr.com/","Guitar, bass, and drum tabs with play-along audio and AI tab creation signal","verified","2026-06-10","200","Automated URL check passed on 2026-06-10.","songsterr","Songsterr"
"songsterr_app_store","Songsterr on App Store","App store","Medium","https://apps.apple.com/us/app/songsterr-tabs-chords/id399211291","Mobile tabs/chords app listing and subscription model","verified","2026-06-10","200","Automated URL check passed on 2026-06-10.","songsterr","Songsterr"
"splice_official","Splice","Official product","High","https://splice.com/","Royalty-free sample library, creator marketplace, and production workflow","verified","2026-06-10","200","Automated URL check passed on 2026-06-10.","splice","Splice"
"splice_samples_search","Splice Sounds search","Official product","High","https://splice.com/sounds/search/samples","Sample search, metadata, licensing, and production discovery","verified","2026-06-10","200","Automated URL check passed on 2026-06-10.","splice","Splice"
"splice_ai_tools_news","Splice generative AI tools coverage","News / market signal","Medium","https://www.musicradar.com/music-tech/splice-launches-generative-ai-tools-that-fairly-compensate-sample-creators","AI sample variation tools and creator compensation signal","verified","2026-06-10","200","Automated URL check passed on 2026-06-10.","splice","Splice"
"ableton_official","Ableton","Official company","High","https://www.ableton.com/en/","Music software, hardware, and creator tools","verified","2026-06-10","200","Automated URL check passed on 2026-06-10.","ableton","Ableton"
"ableton_live","Ableton Live","Official product","High","https://www.ableton.com/en/live/what-is-live/","DAW positioning and creation workflow","verified","2026-06-10","200","Automated URL check passed on 2026-06-10.","ableton","Ableton"
"ableton_push","Ableton Push","Official product","High","https://www.ableton.com/en/push/","Standalone/tethered music-making hardware","verified","2026-06-10","200","Automated URL check passed on 2026-06-10.","ableton","Ableton"
"apple_garageband","GarageBand for iOS","Official product","High","https://www.apple.com/ios/garageband/","Apple music creation app, instruments, recording, sharing, and sound library","verified","2026-06-10","200","Automated URL check passed on 2026-06-10.","apple-garageband","GarageBand"
"garageband_app_store","GarageBand on App Store","App store","Medium","https://apps.apple.com/us/app/garageband/id408709785","Mobile GarageBand app listing and feature set","verified","2026-06-10","200","Automated URL check passed on 2026-06-10.","apple-garageband","GarageBand"
"suno_about","Suno About","Official company","High","https://suno.com/about","Suno company purpose, AI music platform positioning, and product direction","verified","2026-06-10","200","Automated URL check passed on 2026-06-10.","suno","Suno"
"suno_product","Suno product page","Official product","High","https://suno.com/","Prompt-to-song music generation and consumer positioning","verified","2026-06-10","200","Automated URL check passed on 2026-06-10.","suno","Suno"
"suno_app_store","Suno on App Store","App store","Medium","https://apps.apple.com/us/app/suno-ai-songs-music/id6480136315","Mobile AI song generator listing","verified","2026-06-10","200","Automated URL check passed on 2026-06-10.","suno","Suno"
"riaa_suno_udio","RIAA cases against Suno and Udio","Legal / industry","High","https://www.riaa.com/record-companies-bring-landmark-cases-for-responsible-ai-againstsuno-and-udio-in-boston-and-new-york-federal-courts-respectively/","Copyright litigation and industry risk around generative AI music","verified","2026-06-10","200","Automated URL check passed on 2026-06-10.","suno | udio","Suno | Udio"
"udio_official","Udio","Official product","High","https://www.udio.com/","AI music generation and sharing","verified","2026-06-10","200","Automated URL check passed on 2026-06-10.","udio","Udio"
"udio_app_store","Udio on App Store","App store","Medium","https://apps.apple.com/us/app/udio-ai-music-maker-studio/id6511211165","Mobile AI music maker listing","verified","2026-06-10","200","Automated URL check passed on 2026-06-10.","udio","Udio"
"udio_umg_deal","UMG and Udio strategic agreement","Legal / industry","High","https://www.universalmusic.com/universal-music-group-and-udio-announce-udios-first-strategic-agreements-for-new-licensed-ai-music-creation-platform/","Licensed AI music platform agreement and litigation settlement signal","verified","2026-06-10","200","Automated URL check passed on 2026-06-10.","udio","Udio"
"moises_official","Moises","Official product","High","https://moises.ai/","AI practice app, stem separation, mastering, remixing, and musician utility","verified","2026-06-10","200","Automated URL check passed on 2026-06-10.","moises","Moises"
"moises_app_store","Moises on App Store","App store","Medium","https://apps.apple.com/us/app/moises-the-musicians-app/id1515796612","Mobile AI practice utility listing","verified","2026-06-10","200","Automated URL check passed on 2026-06-10.","moises","Moises"
"moises_google_play","Moises on Google Play","App store","Medium","https://play.google.com/store/apps/details?hl=en_US&id=ai.moises","Google Play listing for vocal remover, stem player, metronome, tabs, and AI mixer","verified","2026-06-10","200","Automated URL check passed on 2026-06-10.","moises","Moises"
"moises_musicfirst","Moises for education via MusicFirst","Partner / education","Medium","https://www.musicfirst.com/software/moises","Classroom-ready AI music practice and creation positioning","verified","2026-06-10","200","Automated URL check passed on 2026-06-10.","moises","Moises"
"duolingo_ir","Duolingo Investor Relations","Financial / filing","High","https://investors.duolingo.com/investor-relations","Public company filings, shareholder information, and financial disclosures","verified","2026-06-10","200","Automated URL check passed on 2026-06-10.","duolingo","Duolingo"
"duolingo_q1_2025_sec","Duolingo Q1 FY25 SEC filing","Financial / filing","High","https://www.sec.gov/Archives/edgar/data/1562088/000156208825000098/q1fy25duolingo3-31x25share.htm","Public statements on mobile learning platform, growth, and AI/ML risk factors","verified","2026-06-10","200","Automated URL check passed on 2026-06-10.","duolingo","Duolingo"
"duolingo_2025_10k","Duolingo FY2025 Form 10-K","Financial / filing","High","https://investors.duolingo.com/static-files/f19d76fb-dee4-4f13-96ae-138ebfd0f2d3","Annual public filing and risk disclosures","verified","2026-06-10","200","Automated URL check passed on 2026-06-10.","duolingo","Duolingo"
"kahoot_home","Kahoot!","Official product","High","https://kahoot.com/","Game-based learning platform, engagement, school/work/home use","verified","2026-06-10","200","Automated URL check passed on 2026-06-10.","kahoot","Kahoot"
"kahoot_ai_press","Kahoot AI-powered study tools","Official company","High","https://kahoot.com/press/2025/09/22/new-ai-powered-study-tools-back-to-school/","AI-generated study experiences and personalized learning content","verified","2026-06-10","200","Automated URL check passed on 2026-06-10.","kahoot","Kahoot"
"kahoot_ai_support","Kahoot AI tools support","Official support","High","https://support.kahoot.com/hc/en-us/articles/17152945038355-How-to-use-Kahoot-AI-tools","AI content-generation workflows inside Kahoot","access-restricted","2026-06-10","403","Automated URL check returned 403; manually open before board-ready use.","kahoot","Kahoot"
"brilliant_home","Brilliant","Official product","High","https://brilliant.org/","Interactive math, coding, data, AI, science, and active problem-solving learning","verified","2026-06-10","200","Automated URL check passed on 2026-06-10.","brilliant","Brilliant"
"brilliant_google_play","Brilliant on Google Play","App store","Medium","https://play.google.com/store/apps/details?hl=en_US&id=org.brilliant.android","Personalized tutor positioning and mobile learning listing","verified","2026-06-10","200","Automated URL check passed on 2026-06-10.","brilliant","Brilliant"
"marty_music_site","Marty Music","Official product","Medium","https://www.martymusic.com/","Creator-led guitar education and course surface","verified","2026-06-10","200","Automated URL check passed on 2026-06-10.","marty-music","Marty Music"
"rousseau_youtube","Rousseau YouTube channel","Audience / creator","Medium","https://www.youtube.com/@Rousseau","Piano performance media and cultural influence signal","verified","2026-06-10","200","Automated URL check passed on 2026-06-10.","rsi","Rousseau"
"berklee_online","Berklee Online","Institution","High","https://online.berklee.edu/","Online courses, certificates, bachelor's and master's degrees","verified","2026-06-10","200","Automated URL check passed on 2026-06-10.","berklee-online","Berklee Online"
"berklee_courses","Berklee Online certificates","Institution","High","https://online.berklee.edu/certificates","Online music certificate programs and formal continuing-education structure","verified","2026-06-10","200","Automated URL check passed on 2026-06-10.","berklee-online","Berklee Online"
"mtna_home","Music Teachers National Association","Institution","High","https://www.mtna.org/index.html","Music-teacher association and professional teaching network","verified","2026-06-10","200","Automated URL check passed on 2026-06-10.","mtna","MTNA"
"mtna_membership","MTNA membership","Institution","High","https://www.mtna.org/Membership.html","Teacher network, continuing education, publications, and professional resources","verified","2026-06-10","200","Automated URL check passed on 2026-06-10.","mtna","MTNA"
"accel_home","Accel","Investor","High","https://www.accel.com/","Venture capital firm and portfolio signal","verified","2026-06-10","200","Automated URL check passed on 2026-06-10.","accel","Accel"
"accel_atoms","Accel Atoms portfolio","Investor","Medium","https://atoms.accel.com/portfolio","Seed-stage portfolio and AI/startup market signal","verified","2026-06-10","200","Automated URL check passed on 2026-06-10.","accel","Accel"
"techcrunch_home","TechCrunch","News / market signal","Medium","https://techcrunch.com/","Startup, technology, venture funding, and product-launch monitoring","verified","2026-06-10","200","Automated URL check passed on 2026-06-10.","techcrunch","TechCrunch"
"bett_awards","Bett Awards","Award / recognition","High","https://uk.bettshow.com/awards","Education technology awards and recognition surface","verified","2026-06-10","200","Automated URL check passed on 2026-06-10.","bett-awards","BETT Awards"
"bett_categories","Bett Awards categories","Award / recognition","High","https://bettawards.com/categories/","Award categories, entry windows, and evaluation surface","verified","2026-06-10","200","Automated URL check passed on 2026-06-10.","bett-awards","BETT Awards"
"creative_europe_programme","Creative Europe programme","Funding","High","https://commission.europa.eu/funding-and-tenders/find-funding/eu-funding-programmes/creative-europe_en","European Commission programme supporting cultural and audiovisual sectors","verified","2026-06-10","200","Automated URL check passed on 2026-06-10.","creative-europe","Creative Europe"
"creative_europe_calls","Creative Europe calls","Funding","High","https://culture.ec.europa.eu/funding/calls","Current calls and funding opportunities for cultural and creative sectors","verified","2026-06-10","200","Automated URL check passed on 2026-06-10.","creative-europe","Creative Europe"
"guitar_tricks_official","Guitar Tricks","Official product","High","https://www.guitartricks.com/","Online guitar lessons, song tutorials, instructor-led courses, and practice tools","access-restricted","2026-06-10","403","Automated URL check returned 403; manually open before board-ready use.","guitar-tricks","Guitar Tricks"
"guitar_tricks_google_play","Guitar Tricks on Google Play","App store","Medium","https://play.google.com/store/apps/details?hl=en_US&id=com.guitartricks.gt","Android app listing for Guitar Tricks lessons, songs, guided videos, and learning tools","verified","2026-06-10","200","Automated URL check passed on 2026-06-10.","guitar-tricks","Guitar Tricks"
"truefire_official","TrueFire","Official product","High","https://truefire.com/online-guitar-lessons","Large interactive guitar lesson library, courses, synced tab, jam tracks, and specialist instruction","verified","2026-06-10","200","Automated URL check passed on 2026-06-10.","truefire","TrueFire"
"pickup_music_official","Pickup Music","Official product","High","https://www.pickupmusic.com/","Structured guitar pathways, weekly practice, challenges, artist series, and instructor feedback","verified","2026-06-10","200","Automated URL check passed on 2026-06-10.","pickup-music","Pickup Music"
"rocksmith_plus_ubisoft","Rocksmith+ by Ubisoft","Official product","High","https://www.ubisoft.com/en-us/game/rocksmith/plus","Subscription learning service for guitar, bass, and piano with songs and feedback","verified","2026-06-10","200","Automated URL check passed on 2026-06-10.","rocksmith-plus","Rocksmith+"
"rocksmith_plus_app_store","Rocksmith+ on App Store","App store","Medium","https://apps.apple.com/au/app/rocksmith-fast-music-learning/id1571139807","Mobile app listing, instrument support, song library, and practice features","verified","2026-06-10","200","Automated URL check passed on 2026-06-10.","rocksmith-plus","Rocksmith+"
"gibson_app_official","Gibson App","Official product","High","https://www.gibson.app/","Guitar learning app, expert-crafted learning path, feedback, songs, tuner, chords, and tabs","verified","2026-06-10","200","Automated URL check passed on 2026-06-10.","gibson-app | gibson","Gibson App | Gibson"
"gibson_app_store","Gibson App on App Store","App store","Medium","https://apps.apple.com/us/app/gibson-learn-to-play-guitar/id1116032929","App listing for Gibson's guitar learning app and real-time feedback positioning","verified","2026-06-10","200","Automated URL check passed on 2026-06-10.","gibson-app","Gibson App"
"piano_marvel_official","Piano Marvel","Official product","High","https://pianomarvel.com/","Piano learning software, songs, teacher/studio use, and assessment-oriented practice","verified","2026-06-10","200","Automated URL check passed on 2026-06-10.","piano-marvel","Piano Marvel"
"piano_marvel_app_store","Piano Marvel on App Store","App store","Medium","https://apps.apple.com/us/app/piano-marvel-lessons-music/id1016751878","App listing for individual, studio, school, and university piano-learning use","verified","2026-06-10","200","Automated URL check passed on 2026-06-10.","piano-marvel","Piano Marvel"
"melodics_official","Melodics","Official product","High","https://melodics.com/","Interactive drums, keys, and pad-controller lessons with real-time feedback","verified","2026-06-10","200","Automated URL check passed on 2026-06-10.","melodics","Melodics"
"melodics_app_store","Melodics on App Store","App store","Medium","https://apps.apple.com/us/app/melodics-drum-lessons-app/id6504540940","Mobile app listing for drum lessons, instant feedback, and guided practice","verified","2026-06-10","200","Automated URL check passed on 2026-06-10.","melodics","Melodics"
"chordify_official","Chordify","Official product","High","https://chordify.net/","Automatic chords for songs, play-along, guitar, piano, ukulele, and tuner positioning","access-restricted","2026-06-10","403","Automated URL check returned 403; manually open before board-ready use.","chordify","Chordify"
"chordify_google_play","Chordify on Google Play","App store","Medium","https://play.google.com/store/apps/details?hl=en_US&id=net.chordify.chordify","App listing for chords, tuner, and play-along practice","verified","2026-06-10","200","Automated URL check passed on 2026-06-10.","chordify","Chordify"
"soundslice_official","Soundslice","Official product","High","https://www.soundslice.com/","Interactive sheet music, teaching, transcription, practice, sharing, and synced media","verified","2026-06-10","200","Automated URL check passed on 2026-06-10.","soundslice","Soundslice"
"soundslice_teachers","Soundslice for teachers","Official product","High","https://www.soundslice.com/teachers/","Teacher plan, synced notation/video, looping, transposition, synth playback, and metronome","verified","2026-06-10","200","Automated URL check passed on 2026-06-10.","soundslice","Soundslice"
"guitar_pro_official","Guitar Pro","Official product","High","https://www.guitar-pro.com/","Tablature reader/editor for guitar, bass, drums, piano, and fretted instruments","verified","2026-06-10","200","Automated URL check passed on 2026-06-10.","guitar-pro","Guitar Pro"
"guitar_pro_google_play","Guitar Pro on Google Play","App store","Medium","https://play.google.com/store/apps/details?hl=en_US&id=com.arobasmusic.guitarpro","Mobile tab reading, writing, playback, and practice companion","verified","2026-06-10","200","Automated URL check passed on 2026-06-10.","guitar-pro","Guitar Pro"
"youtube_artists","YouTube for Artists","Official product","High","https://artists.youtube/","Artist growth, music promotion, fans, Official Artist Channel context, creator platform, and YouTube Music ecosystem","verified","2026-06-10","200","Automated URL check passed on 2026-06-10.","youtube-artists","YouTube"
"youtube_oac_support","YouTube for Artists resources","Official product","Medium","https://artists.youtube/resources/","Official artist resources covering Official Artist Channels, Shorts, release strategy, analytics, and artist growth guidance","verified","2026-06-10","200","Automated URL check passed on 2026-06-10.","youtube-artists","YouTube"
"gibson_official","Gibson","Official company","High","https://www.gibson.com/","Guitars, hardware brand, Gibson App bundle, artist culture, and beginner purchase path","verified","2026-06-10","200","Automated URL check passed on 2026-06-10.","gibson-app | gibson","Gibson App | Gibson"
"positive_grid_official","Positive Grid","Official company","High","https://www.positivegrid.com/","Smart guitar amps, Spark ecosystem, apps, accessories, and amp/effects software","verified","2026-06-10","200","Automated URL check passed on 2026-06-10.","positive-grid","Positive Grid"
"positive_grid_spark_app","Positive Grid Spark App","Official product","High","https://www.positivegrid.com/pages/spark-app","Spark app, tones, smart features, Auto Chords, and connected practice","verified","2026-06-10","200","Automated URL check passed on 2026-06-10.","positive-grid","Positive Grid"
"reverb_official","Reverb","Official company","High","https://reverb.com/","Music gear marketplace for new, used, and vintage instruments and gear","access-restricted","2026-06-10","403","Automated URL check returned 403; manually open before board-ready use.","reverb","Reverb"
"guitar_center_lessons","Guitar Center Lessons","Official product","High","https://www.guitarcenter.com/Services/Lessons/","Retail-linked private music lessons, beginner and advanced instruction, and local learning channel","verified","2026-06-10","200","Automated URL check passed on 2026-06-10.","guitar-center","Guitar Center"
"boss_official","BOSS","Official company","High","https://www.boss.info/us/","Guitar/bass effects, amps, loop stations, multi-effects, and connected performance gear","verified","2026-06-10","200","Automated URL check passed on 2026-06-10.","boss","BOSS / Roland"
"soundtrap_official","Soundtrap","Official product","High","https://www.soundtrap.com/musicmakers","Browser-based online music studio, collaboration, instruments, loops, and vocal tools","verified","2026-06-10","200","Automated URL check passed on 2026-06-10.","soundtrap","Soundtrap"
"fl_studio_official","FL Studio","Official product","High","https://www.image-line.com/","DAW, FL Cloud, mobile, production workflow, and accessible creator tooling","verified","2026-06-10","200","Automated URL check passed on 2026-06-10.","fl-studio","FL Studio"
"fl_studio_web_news","FL Studio Web public beta signal","News / market signal","Medium","https://www.musicradar.com/music-tech/daws/fl-studio-is-coming-to-your-browser-image-line-announces-fl-studio-web-in-bid-to-lower-the-barrier-to-entry-for-new-users","Browser-based DAW beta and accessibility move for new creators","verified","2026-06-10","200","Automated URL check passed on 2026-06-10.","fl-studio","FL Studio"
"soundcloud_official","SoundCloud","Official product","High","https://soundcloud.com/","Artist/audio community, music publishing, discovery, and creator platform","verified","2026-06-10","200","Automated URL check passed on 2026-06-10.","soundcloud","SoundCloud"
"distrokid_official","DistroKid","Official product","High","https://distrokid.com/","Music distribution, independent artist release workflow, stores, and creator monetization","access-restricted","2026-06-10","403","Automated URL check returned 403; manually open before board-ready use.","distrokid","DistroKid"
"distrokid_google_play","DistroKid on Google Play","App store","Medium","https://play.google.com/store/apps/details?hl=en_US&id=com.distrokid.dk","Android app listing for music distribution to streaming platforms and artist tools","verified","2026-06-10","200","Automated URL check passed on 2026-06-10.","distrokid","DistroKid"
"landr_official","LANDR","Official product","High","https://www.landr.com/","AI mastering, distribution, samples, plugins, stem separation, courses, and collaboration tools","verified","2026-06-10","200","Automated URL check passed on 2026-06-10.","landr","LANDR"
"landr_mastering","LANDR AI Mastering","Official product","High","https://www.landr.com/online-audio-mastering","AI mastering workflow, preview, export, and creator service positioning","verified","2026-06-10","200","Automated URL check passed on 2026-06-10.","landr","LANDR"
"native_instruments_official","Native Instruments","Official company","High","https://www.native-instruments.com/en/","Music production software, hardware, instruments, effects, DJ tools, and creator ecosystem","verified","2026-06-10","200","Automated URL check passed on 2026-06-10.","native-instruments","Native Instruments"
"native_instruments_acquisition_news","Native Instruments acquisition signal","Official company","High","https://www.inmusicbrands.com/press/inmusic-native/","Official inMusic / Native Instruments announcement of definitive acquisition agreement in May 2026","verified","2026-06-11","200","Official source spot-checked on 2026-06-11; closing/status should still be monitored.","native-instruments","Native Instruments"
"bandcamp_artists","Bandcamp for Artists","Official product","High","https://bandcamp.com/artists","Direct-to-fan artist marketplace, community, merch, and fan support","verified","2026-06-10","200","Automated URL check passed on 2026-06-10.","bandcamp","Bandcamp"
"bandcamp_ai_policy_news","Bandcamp AI music policy signal","News / market signal","Medium","https://pitchfork.com/news/bandcamp-announces-ban-on-ai-music","Policy signal around AI-generated music and human-artist positioning","verified","2026-06-10","200","Automated URL check passed on 2026-06-10.","bandcamp","Bandcamp"
"lalal_ai_official","LALAL.AI","Official product","High","https://www.lalal.ai/","AI vocal remover, instrumental isolator, stem splitter, and audio extraction","verified","2026-06-10","200","Automated URL check passed on 2026-06-10.","lalal-ai","LALAL.AI"
"lalal_ai_google_play","LALAL.AI on Google Play","App store","Medium","https://play.google.com/store/apps/details?hl=en_US&id=com.omnisale.lalal.ai","Mobile AI vocal remover and stem splitter listing","verified","2026-06-10","200","Automated URL check passed on 2026-06-10.","lalal-ai","LALAL.AI"
"aiva_official","AIVA","Official product","High","https://www.aiva.ai/","AI music generation assistant, styles, editing, and licensing positioning","verified","2026-06-10","200","Automated URL check passed on 2026-06-10.","aiva","AIVA"
"elevenlabs_music","ElevenLabs AI Music Generator","Official product","High","https://elevenlabs.io/music","AI music generator for songs, beats, melodies, lyrics, instrumentals, and vocals","verified","2026-06-10","200","Automated URL check passed on 2026-06-10.","elevenlabs-music","ElevenLabs Music"
"eleven_music_blog","Eleven Music launch","Official company","High","https://elevenlabs.io/blog/eleven-music-is-here","Launch of Eleven Music and AI audio platform expansion into music generation","verified","2026-06-10","200","Automated URL check passed on 2026-06-10.","elevenlabs-music","ElevenLabs Music"
"eleven_music_docs","Eleven Music documentation","Official support","High","https://elevenlabs.io/docs/overview/capabilities/music","Text-to-music model capabilities, natural-language control, and complete audio generation","verified","2026-06-10","200","Automated URL check passed on 2026-06-10.","elevenlabs-music","ElevenLabs Music"
"tonebase_official","tonebase","Official product","High","https://www.tonebase.co/","Premium online classical music lessons for guitar, piano, voice, strings, winds, brass, and more","verified","2026-06-10","200","Automated URL check passed on 2026-06-10.","tonebase","tonebase"
"artistworks_official","ArtistWorks","Official product","High","https://artistworks.com/","Online music lessons, personalized instruction, professional artists, and instrument schools","verified","2026-06-10","200","Automated URL check passed on 2026-06-10.","artistworks","ArtistWorks"
"spotify_artists","Spotify for Artists","Official product","High","https://artists.spotify.com/en/home","Artist profile, analytics, promotion, merch, videos, and streaming-platform artist tools","verified","2026-06-10","200","Automated URL check passed on 2026-06-10.","spotify-artists","Spotify for Artists"
"spotify_artists_app_store","Spotify for Artists on App Store","App store","Medium","https://apps.apple.com/us/app/spotify-for-artists/id1222021797","Artist-facing mobile app for fanbase development, analytics, profile management, and release milestones","verified","2026-06-10","200","Automated URL check passed on 2026-06-10.","spotify-artists","Spotify for Artists"
"spotify_artists_support","Spotify for Artists support","Official support","Medium","https://support.spotify.com/us/article/spotify-for-artists/","Artist profile management, promotion, playlist pitching, stream counts, and audience stats","verified","2026-06-10","200","Automated URL check passed on 2026-06-10.","spotify-artists","Spotify for Artists"
"tiktok_artists","TikTok for Artists","Official product","High","https://artists.tiktok.com/","Music insights, fan engagement, artist analytics, and promotion on TikTok","verified","2026-06-10","200","Automated URL check passed on 2026-06-10.","tiktok-artists","TikTok for Artists"
"tiktok_artists_launch","TikTok artist certification help","Official support","Medium","https://artists.tiktok.com/help-center/artist-certification","Official TikTok artist-account certification and access context for TikTok for Artists","verified","2026-06-10","200","Automated URL check passed on 2026-06-10.","tiktok-artists","TikTok for Artists"
"patreon_musicians","Patreon for Musicians","Official product","High","https://www.patreon.com/creators/music","Musician memberships, direct fan monetization, exclusive work, shops, and community","verified","2026-06-10","200","Automated URL check passed on 2026-06-10.","patreon","Patreon"
"pickup_music_courses","Pickup Music courses","Official product","High","https://www.pickupmusic.com/courses","Step-by-step guitar courses, learning pathways, styles, challenges, songs, and instructor-led classes","verified","2026-06-10","200","Automated URL check passed on 2026-06-10.","pickup-music","Pickup Music"
"pickup_music_app_store","Pickup Music on the App Store","App store","Medium","https://apps.apple.com/us/app/pickup-music-guitar-bass/id6503952069","iOS app listing, app positioning, guitar/bass learning-pathway claims, and App Store presence","verified","2026-06-10","200","Automated URL check passed on 2026-06-10.","pickup-music","Pickup Music"
"musora_official","Musora official lesson ecosystem","Official company","High","https://www.musora.com/","Multi-instrument lessons across Drumeo, Pianote, Guitareo, Singeo, app, memberships, and community","verified","2026-06-10","200","Automated URL check passed on 2026-06-10.","musora","Musora"
"musora_app_store","Musora on App Store","App store","Medium","https://apps.apple.com/us/app/musora-the-music-lessons-app/id1460388277","Mobile lesson app, multi-instrument learning, subscription, and app-store positioning","verified","2026-06-10","200","Automated URL check passed on 2026-06-10.","musora","Musora"
"fretello_official","Fretello guitar learning app","Official product","High","https://fretello.com/app/","Guitar learning app, structured lessons, practice plans, and personalization claims","verified","2026-06-10","200","Automated URL check passed on 2026-06-10.","fretello","Fretello"
"fretello_google_play","Fretello on Google Play","App store","Medium","https://play.google.com/store/apps/details?hl=en_US&id=com.fretello.lead","Android app listing, lesson path, feedback/practice claims, and user-facing positioning","verified","2026-06-10","200","Automated URL check passed on 2026-06-10.","fretello","Fretello"
"playground_sessions_official","Playground Sessions piano learning app","Official product","High","https://www.playgroundsessions.com/","Interactive piano lessons, songs, progress feedback, subscription and lifetime pricing surface","verified","2026-06-10","200","Automated URL check passed on 2026-06-10.","playground-sessions","Playground Sessions"
"playground_sessions_google_play","Playground Sessions on Google Play","App store","Medium","https://play.google.com/store/apps/details?hl=en_US&id=com.playgroundsessions","Android app listing, practice, song-learning, and user-facing app claims","verified","2026-06-10","200","Automated URL check passed on 2026-06-10.","playground-sessions","Playground Sessions"
"tomplay_official","Tomplay interactive sheet music","Official product","High","https://tomplay.com/","Interactive sheet music, backing tracks, tempo control, multi-instrument repertoire, and subscription model","verified","2026-06-10","200","Automated URL check passed on 2026-06-10.","tomplay","Tomplay"
"tomplay_google_play","Tomplay on Google Play","App store","Medium","https://play.google.com/store/apps/details?hl=en_US&id=com.tombooks.tomplay","Mobile app listing for interactive sheet music, backing tracks, and practice features","verified","2026-06-10","200","Automated URL check passed on 2026-06-10.","tomplay","Tomplay"
"chord_ai_app_store","Chord ai on App Store","App store","Medium","https://apps.apple.com/us/app/chord-ai-play-any-song/id1446177109","iOS app listing for AI chord detection, song analysis, and play-any-song workflow","verified","2026-06-10","200","Automated URL check passed on 2026-06-10.","chord-ai","Chord ai"
"chord_ai_google_play","Chord ai on Google Play","App store","Medium","https://play.google.com/store/apps/details?hl=en_US&id=com.chordai","Android app listing for AI chord recognition, beat tracking, and practice utility positioning","verified","2026-06-10","200","Automated URL check passed on 2026-06-10.","chord-ai","Chord ai"
"musicca_official","Musicca music theory and tools","Official product","Medium","https://www.musicca.com/","Free music theory lessons, exercises, tools, piano keyboard, and self-guided learning resources","verified","2026-06-10","200","Automated URL check passed on 2026-06-10.","musicca","Musicca"
"abrsm_official","ABRSM official site","Official institution","High","https://www.abrsm.org/","Music exams, graded assessment, curriculum authority, and formal-learning credibility","verified","2026-06-10","307","Automated check follows locale redirects; source should be manually opened in final board QA.","abrsm","ABRSM"
"abrsm_apps","ABRSM apps and practice tools","Official product","High","https://www.abrsm.org/en-gb/for-learners/apps-and-practice-tools","Practice tools, apps, and digital support around exam preparation","verified","2026-06-10","307","Automated check follows locale redirects; source should be manually opened in final board QA.","abrsm","ABRSM"
"rcm_digital_learning","Royal Conservatory digital learning","Official institution","High","https://www.rcmusic.com/learning/digital-learning","RCM digital learning products, curriculum, certificates, and teacher-supported progression","verified","2026-06-10","200","Automated URL check passed on 2026-06-10.","rcm","Royal Conservatory of Music"
"school_of_rock_lessons","School of Rock music lessons","Official product","Medium","https://www.schoolofrock.com/music-lessons","In-person lessons, performance-based learning, camps, and local school model","access-restricted","2026-06-10","403","Automated URL check returned 403; source is official but must be manually opened before board-ready use.","school-of-rock","School of Rock"
"flat_io_education","Flat for Education","Official product","High","https://flat.io/edu","Cloud notation, classroom assignments, collaborative composition, and teacher workflows","verified","2026-06-10","200","Automated URL check passed on 2026-06-10.","flat-io","Flat for Education"
"noteflight_learn","Noteflight Learn","Official product","High","https://www.noteflight.com/learn","Online notation, classroom composition, teaching resources, and education plans","verified","2026-06-10","200","Automated URL check passed on 2026-06-10.","noteflight","Noteflight"
"donner_official","Donner Music official store","Official company","High","https://us.donnermusic.com/","Affordable instruments, beginner gear, ecommerce, and broad music-product catalog","verified","2026-06-10","200","Automated URL check passed on 2026-06-10.","donner","Donner"
"donner_google_play","Donner Music on Google Play","App store","Medium","https://play.google.com/store/apps/details?hl=en_US&id=com.donnermusic","Donner mobile app, connected gear surface, and beginner/hardware app positioning","verified","2026-06-10","200","Automated URL check passed on 2026-06-10.","donner","Donner"
"gear4music_education","Gear4music music education supplies","Official product","High","https://www.gear4music.com/us/en/music-education-supplies","Education supplies, classroom instruments, retail channel, and beginner/education purchasing context","verified","2026-06-10","200","Automated URL check passed on 2026-06-10.","gear4music","Gear4music"
"audacity_official","Audacity official site","Official product","High","https://www.audacityteam.org/","Free audio recording/editing software, plugins, and accessible creation workflow","verified","2026-06-10","200","Automated URL check passed on 2026-06-10.","audacity","Audacity"
"soundation_official","Soundation browser studio","Official product","High","https://soundation.com/","Browser-based music studio, loops, collaboration, and online creation workflow","verified","2026-06-10","200","Automated URL check passed on 2026-06-10.","soundation","Soundation"
"beatstars_official","BeatStars official marketplace","Official company","High","https://www.beatstars.com/","Beat marketplace, producer storefronts, licensing, and creator business tools","verified","2026-06-10","200","Automated URL check passed on 2026-06-10.","beatstars","BeatStars"
"beatstars_creators","BeatStars for creators","Official product","Medium","https://www.beatstars.com/creators","Creator monetization, selling beats, promotion, and producer business surface","verified","2026-06-10","200","Automated URL check passed on 2026-06-10.","beatstars","BeatStars"
"flow_music_official","Flow Music official site","Official product","High","https://www.flowmusic.app/","AI music generation app and current destination for Riffusion traffic","verified","2026-06-10","200","Automated URL check passed on 2026-06-10.","flow-music","Flow Music"
"riffusion_redirect","Riffusion official redirect","Official product","Medium","https://www.riffusion.com/","Riffusion-origin AI music signal redirecting to Flow Music","verified","2026-06-10","301","Automated check shows Riffusion redirects to Flow Music; keep as historical/current naming bridge.","flow-music","Flow Music"
"ripx_official","RipX DAW by HitnMix","Official product","High","https://hitnmix.com/ripx-daw/","AI stem separation, audio editing, remixing, and note-level manipulation","verified","2026-06-10","200","Automated URL check passed on 2026-06-10.","ripx-daw","RipX DAW"
"klangio_official","Klangio AI music transcription","Official product","High","https://klang.io/","Audio-to-score transcription, piano/guitar/drums tools, MIDI, tabs, and practice material conversion","verified","2026-06-10","200","Automated URL check passed on 2026-06-10.","klangio","Klangio"
"music_ally_official","Music Ally industry intelligence","Industry research","Medium","https://musically.com/","Music business news, rights, DSPs, marketing, AI policy, and industry monitoring","verified","2026-06-10","200","Automated URL check passed on 2026-06-10.","music-ally","Music Ally"
"midia_music_reports","MIDiA music industry reports","Industry research","High","https://www.midiaresearch.com/reports/category/music-industry","Music industry, creator economy, fandom, streaming, entertainment, and market research reports","verified","2026-06-10","200","Automated URL check passed on 2026-06-10.","midia-research","MIDiA Research"
"namm_official","NAMM official site","Industry association","Medium","https://www.namm.org/","Music products trade association, events, product launches, retail, brands, and music-making advocacy","verified","2026-06-10","200","Automated URL check passed on 2026-06-10.","namm","NAMM"
"luminate_music","Luminate entertainment data","Market data","High","https://luminatedata.com/","Music consumption, audience behavior, charts, entertainment data, and market reporting","verified","2026-06-10","200","Automated URL check passed on 2026-06-10.","luminate","Luminate"
"chartmetric_official","Chartmetric music analytics","Market data","High","https://chartmetric.com/","Artist analytics, playlists, social growth, streaming, trend intelligence, and music data","verified","2026-06-10","200","Automated URL check passed on 2026-06-10.","chartmetric","Chartmetric"
"fender_play_app_store","Fender Play on App Store","App store","Medium","https://apps.apple.com/us/app/fender-play-learn-guitar/id1226057939","Fender Play app listing, guitar/bass/ukulele lessons, songs, and mobile subscription positioning","verified","2026-06-10","200","Automated URL check passed on 2026-06-10.","fender-play | fender","Fender Play | Fender"
"fender_play_google_play","Fender Play on Google Play","App store","Medium","https://play.google.com/store/apps/details?hl=en_US&id=com.fender.play","Android app listing for Fender Play, step-by-step lessons, songs, and practice positioning","verified","2026-06-10","200","Automated URL check passed on 2026-06-10.","fender-play | fender","Fender Play | Fender"
"ultimate_guitar_google_play","Ultimate Guitar on Google Play","App store","Medium","https://play.google.com/store/apps/details?hl=en_US&id=com.ultimateguitar.tabs","Ultimate Guitar Android app, tabs/chords, instruments, feedback, and progress tracking claims","verified","2026-06-10","200","Automated URL check passed on 2026-06-10.","ultimate-guitar","Ultimate Guitar"
"muse_group_ultimate_guitar","Ultimate Guitar by Muse Group","Official company","High","https://www.mu.se/ultimate-guitar","Ultimate Guitar product page inside Muse Group with tabs, MAU, downloads, and ownership context","verified","2026-06-10","200","Automated URL check passed on 2026-06-10.","ultimate-guitar","Ultimate Guitar"
"guitar_tricks_app_store","Guitar Tricks on App Store","App store","Medium","https://apps.apple.com/us/app/guitar-lessons-guitar-tricks/id931639254","iOS app listing for guided guitar lessons, beginner path, and song-led learning","verified","2026-06-10","200","Automated URL check passed on 2026-06-10.","guitar-tricks","Guitar Tricks"
"chordify_app_store","Chordify on App Store","App store","Medium","https://apps.apple.com/us/app/chordify-songs-chords-tuner/id1073624757","iOS app listing for Chordify chords, tuner, catalog, and play-along workflow","verified","2026-06-10","200","Automated URL check passed on 2026-06-10.","chordify","Chordify"
"chordify_support_apps","Chordify app support","Official support","Medium","https://support.chordify.net/hc/en-us/articles/360002273038-Chordify-Apps","Official support page for Chordify iOS, Android, and desktop app availability","verified","2026-06-10","200","Automated URL check passed on 2026-06-10.","chordify","Chordify"
"reverb_featured_app","Reverb app product page","Official product","High","https://reverb.com/featured/reverb-app","Reverb app product page for buying, selling, discovering gear, and app downloads","verified","2026-06-10","200","Automated URL check passed on 2026-06-10.","reverb","Reverb"
"reverb_google_play","Reverb on Google Play","App store","Medium","https://play.google.com/store/apps/details?hl=en_US&id=com.reverb.app","Android app listing for new/used/vintage music gear marketplace","verified","2026-06-10","200","Automated URL check passed on 2026-06-10.","reverb","Reverb"
"reverb_sale_news","Reverb next chapter as private company","Official company","High","https://reverb.com/news/reverb-servco-creator-partners","Official ownership-change update: Creator Partners and Servco purchase from Etsy, with deal close noted as June 2, 2025","verified","2026-06-11","200","Official source spot-checked on 2026-06-11; link health and ownership claim are stronger than third-party coverage.","reverb","Reverb"
"distrokid_app","DistroKid mobile app page","Official product","High","https://distrokid.com/app/","Official DistroKid mobile app page for music distribution, earnings, and release management","verified","2026-06-10","200","Automated URL check passed on 2026-06-10.","distrokid","DistroKid"
"distrokid_app_store","DistroKid on App Store","App store","Medium","https://apps.apple.com/us/app/distrokid/id1548832265","iOS app listing for DistroKid distribution, release management, and artist account access","verified","2026-06-10","200","Automated URL check passed on 2026-06-10.","distrokid","DistroKid"
"school_of_rock_google_play","School of Rock Method on Google Play","App store","Medium","https://play.google.com/store/apps/details?hl=en_US&id=com.schoolofrock.mobile","Android app listing for School of Rock Method, assigned songs, weekly lessons, and performance-based curriculum","verified","2026-06-10","200","Automated URL check passed on 2026-06-10.","school-of-rock","School of Rock"
"school_of_rock_app_store","School of Rock Method on App Store","App store","Medium","https://apps.apple.com/us/app/school-of-rock-method/id1462043424","iOS app listing for School of Rock Method, tailored song parts, lessons, and live-performance goals","verified","2026-06-10","200","Automated URL check passed on 2026-06-10.","school-of-rock","School of Rock"
"kahoot_ai_tools","Kahoot AI tools","Official product","High","https://kahoot.com/ai-tools/","Kahoot AI generator and AI-supported learning resource creation positioning","verified","2026-06-10","200","Automated URL check passed on 2026-06-10.","kahoot","Kahoot"
"kahoot_trust_ai","Kahoot AI-powered features trust page","Official support","High","https://trust.kahoot.com/ai-powered-features-in-kahoot/","Kahoot AI-supported feature explanation, availability, and trust/policy framing","verified","2026-06-10","200","Automated URL check passed on 2026-06-10.","kahoot","Kahoot"
"thomann_about","Thomann about us","Official company","High","https://www.thomannmusic.com/compinfo.html","Thomann history, management, family-owned context, and European retailer positioning","verified","2026-06-10","200","Automated URL check passed on 2026-06-10.","thomann","Thomann"
"sweetwater_app","Sweetwater mobile app","Official product","Medium","https://www.sweetwater.com/app/","Sweetwater app, gear browsing, deals, Gear Exchange, and mobile retail surface","verified","2026-06-10","200","Automated URL check passed on 2026-06-10.","sweetwater","Sweetwater"
"truefire_app_store","TrueFire on App Store","App store","Medium","https://apps.apple.com/us/app/truefire-guitar-lessons/id690143001","iOS app listing for TrueFire lessons, tabs, jam tracks, and all-access subscription","verified","2026-06-10","200","Automated URL check passed on 2026-06-10.","truefire","TrueFire"
"truefire_google_play","TrueFire on Google Play","App store","Medium","https://play.google.com/store/apps/details?hl=en_US&id=com.truefire.android3","Android app listing for TrueFire video lessons, tabs, jam tracks, and guitar-course library","verified","2026-06-10","200","Automated URL check passed on 2026-06-10.","truefire","TrueFire"
"soundtrap_education","Soundtrap for Education","Official product","High","https://schools.soundtrap.com/edu/","Soundtrap education product, classroom creation, loops, instruments, collaboration, and teacher workflows","verified","2026-06-10","200","Automated URL check passed on 2026-06-10.","soundtrap","Soundtrap"
"soundcloud_newsroom","SoundCloud newsroom","Official company","High","https://soundcloud.com/company/newsroom","SoundCloud company positioning, artist-first strategy, creator/fan platform context","verified","2026-06-10","200","Automated URL check passed on 2026-06-10.","soundcloud","SoundCloud"
"soundcloud_for_artists_home","SoundCloud for Artists home","Official product","High","https://soundcloud.com/getstarted/home","SoundCloud artist upload, distribution, audience, monetization, and creator tools surface","verified","2026-06-10","200","Automated URL check passed on 2026-06-10.","soundcloud","SoundCloud"
"soundcloud_app_store","SoundCloud on App Store","App store","Medium","https://apps.apple.com/us/app/soundcloud-the-music-you-love/id336353151","iOS app listing for artist/audio community, music sharing, and fan connection","verified","2026-06-10","200","Automated URL check passed on 2026-06-10.","soundcloud","SoundCloud"
"aiva_download","AIVA desktop download","Official product","Medium","https://www.aiva.ai/download","AIVA desktop app availability and product ecosystem around AI music generation","verified","2026-06-10","200","Automated URL check passed on 2026-06-10.","aiva","AIVA"
"tonebase_piano","tonebase piano lessons","Official product","Medium","https://www.tonebase.co/piano","tonebase piano course library, expert instructors, active members, and premium education positioning","verified","2026-06-10","200","Automated URL check passed on 2026-06-10.","tonebase","tonebase"
"artistworks_lapl","ArtistWorks via Los Angeles Public Library","Library / education source","Medium","https://www.lapl.org/artist-works","ArtistWorks library access description, self-paced video lessons, and professional musician instruction","verified","2026-06-10","200","Automated URL check passed on 2026-06-10.","artistworks","ArtistWorks"
"musicca_exercises","Musicca exercises","Official product","Medium","https://www.musicca.com/exercises","Musicca exercise surface for theory, ear training, notes, intervals, chords, scales, and rhythm","verified","2026-06-10","200","Automated URL check passed on 2026-06-10.","musicca","Musicca"
"rcm_learning","Royal Conservatory learning","Official institution","High","https://www.rcmusic.com/learning","Royal Conservatory learning pathways, curriculum, exams, digital learning, and teacher ecosystem","verified","2026-06-10","200","Automated URL check passed on 2026-06-10.","rcm","Royal Conservatory of Music"
"flat_io_official","Flat official notation product","Official product","High","https://flat.io/","Flat cloud notation, collaboration, composition, and product context beyond education plan","verified","2026-06-10","200","Automated URL check passed on 2026-06-10.","flat-io","Flat for Education"
"noteflight_official","Noteflight official product","Official product","High","https://www.noteflight.com/","Noteflight online notation, composition, sharing, and product ecosystem","verified","2026-06-10","200","Automated URL check passed on 2026-06-10.","noteflight","Noteflight"
"simply_google_play_dev","Simply Ltd on Google Play","App store / developer","Medium","https://play.google.com/store/apps/dev?hl=en_US&id=9173704920238080377","Simply Ltd developer page, product family, and app portfolio evidence","verified","2026-06-10","200","Automated URL check passed on 2026-06-10.","simply","Simply"
"simply_app_store_dev","Simply Ltd on App Store","App store / developer","Medium","https://apps.apple.com/us/developer/simply-ltd/id492065449","Simply Ltd App Store developer page and creative-hobby app portfolio","verified","2026-06-10","200","Automated URL check passed on 2026-06-10.","simply","Simply"
"flowkey_yamaha","flowkey and Yamaha partnership","Official partnership","High","https://www.flowkey.com/en/yamaha","Yamaha instrument purchase promotion with flowkey Premium and partnership context","verified","2026-06-10","200","Automated URL check passed on 2026-06-10.","flowkey","Flowkey"
"yamaha_flowkey_promo","Yamaha flowkey promotion","Official partnership","Medium","https://usa.yamaha.com/promotions/flowkey/index.html","Yamaha promotion routing and flowkey partner-access context","verified","2026-06-10","200","Automated URL check passed on 2026-06-10.","flowkey","Flowkey"
"skoove_app_store","Skoove on App Store","App store","Medium","https://apps.apple.com/us/app/skoove-learn-to-play-piano/id1160668178","Skoove iOS app listing, AI feedback, piano lessons, and user-facing scale claims","verified","2026-06-10","200","Automated URL check passed on 2026-06-10.","skoove","Skoove"
"pickup_music_pricing","Pickup Music pricing","Official product","Medium","https://www.pickupmusic.com/pricing","Pickup Music subscription, feedback, weekly live lessons, and membership packaging","verified","2026-06-10","200","Automated URL check passed on 2026-06-10.","pickup-music","Pickup Music"
"pickup_music_linkedin","Pickup Music company page","Company profile","Low","https://www.linkedin.com/company/pickup-music-inc","Pickup Music company positioning, member/community claims, and founding context","verified","2026-06-10","200","Automated URL check passed on 2026-06-10.","pickup-music","Pickup Music"
"chord_ai_nomad","Chord AI by Nomad AI","Official company","High","https://www.nomadai.org/chord-ai","Nomad AI project page for Chord AI, origin, real-time chord recognition, and app availability","verified","2026-06-10","200","Automated URL check passed on 2026-06-10.","chord-ai","Chord ai"
"chord_ai_site","Chord ai official site","Official product","High","https://chordai.net/","Chord ai product page, AI chord/beat recognition, app availability, and claimed user-rating signals","verified","2026-06-10","200","Automated URL check passed on 2026-06-10.","chord-ai","Chord ai"
"fretello_home","Fretello official home","Official product","High","https://www.fretello.com/","Fretello official home page, guitar-learning positioning, community scale, and product claims","verified","2026-06-10","301","Automated URL check passed on 2026-06-10.","fretello","Fretello"
"artie_review","Artie piano app review by ArtMaster","Official product","Medium","https://www.artmaster.com/articles/artie-piano-app-review","ArtMaster article explaining Artie positioning, AI piano teacher workflow, and app context","verified","2026-06-10","200","Automated URL check passed on 2026-06-10.","artie-piano","Artie Piano"
"a16z_consumer","a16z Consumer","Investor","Medium","https://a16z.com/consumer/","Consumer technology, AI-native products, creator tools, and investor thesis monitoring","verified","2026-06-10","200","Public investor thesis source; deal-level relevance needs periodic portfolio scan.","a16z-consumer","a16z Consumer"
"general_catalyst_home","General Catalyst","Investor","Medium","https://www.generalcatalyst.com/","Global investment firm, applied AI, consumer, education, and transformation thesis monitoring","verified","2026-06-10","200","Public company source; specific music-learning relevance needs portfolio and thesis monitoring.","general-catalyst","General Catalyst"
"eic_accelerator","EIC Accelerator","Funding","High","https://eic.ec.europa.eu/eic-funding-opportunities/eic-accelerator_en","Horizon Europe startup and SME grant/equity funding for high-risk, game-changing innovation","verified","2026-06-10","200","Official European Innovation Council source; eligibility and timing need work-programme review.","eic-accelerator","EIC Accelerator"
"horizon_europe_cluster2","Horizon Europe Cluster 2","Funding","High","https://research-and-innovation.ec.europa.eu/funding/funding-opportunities/funding-programmes-and-open-calls/horizon-europe/cluster-2-culture-creativity-and-inclusive-society_en","Culture, creativity, inclusive society, and related research and innovation funding","verified","2026-06-10","200","Official European Commission source; individual calls require programme-level filtering.","horizon-europe-cluster-2","Horizon Europe Cluster 2"
"eit_culture_creativity","EIT Culture & Creativity","Funding","Medium","https://eit-culture-creativity.eu/","Creative-sector innovation, accelerator, skills, venture, and partnership opportunities","verified","2026-06-10","200","Official programme source; opportunity relevance needs recurring calls scan.","eit-culture-creativity","EIT Culture & Creativity"
"apple_design_awards_2026","Apple Design Awards","Award / recognition","High","https://developer.apple.com/design/awards/","Apple app design recognition, finalists, winners, innovation, accessibility, interaction, and technical achievement benchmark","verified","2026-06-10","200","Official Apple recognition source; category fit needs annual submission review.","apple-design-awards","Apple Design Awards"
"google_play_best_2025","Google Play Best of 2025","Award / recognition","High","https://play.google.com/store/apps/editorial?hl=en_US&id=mc_games_apps_cmp_bestof2025_fcp","Google Play editorial app/game awards and mobile-platform recognition patterns","verified","2026-06-10","200","Official Google Play award source; 2026 programme should be checked once published.","google-play-best-of","Google Play Best Of"
"music_tectonics_2026","Music Tectonics","Industry association","Medium","https://www.musictectonics.com/","Music-tech conference, startup pitch, investor/partner network, AI, rights, and creator-tool ecosystem","verified","2026-06-10","200","Public conference source; startup lists and session themes need annual extraction.","music-tectonics","Music Tectonics"
"learning_technologies_awards","Learning Technologies Awards","Award / recognition","Medium","https://www.learningtechnologies.co.uk/learning-tech-awards","Learning technology awards, AI learning categories, digital learning, and enterprise L&D credibility","verified","2026-06-10","200","Public awards source; music-learning fit is indirect and should be reviewed before prioritization.","learning-technologies-awards","Learning Technologies Awards"
"sxsw_edu_launch","SXSW EDU Launch","Award / recognition","Medium","https://sxswedu.com/competitions/launch/","Education startup competition, investor/partner exposure, and teaching-and-learning innovation","verified","2026-06-10","200","Public competition source; finalist themes need annual scan for adjacent education-market signals.","sxsw-edu-launch","SXSW EDU Launch"
"spotify_campaign_kit","Spotify Campaign Kit","Official product","High","https://artists.spotify.com/en/campaign-kit","Spotify artist marketing, campaign tools, audience building, and fan-development product surface","verified","2026-06-10","200","Official Spotify source; useful as an artist-success and learner-aspiration signal.","spotify-artists","Spotify for Artists"
