tracker_type,award_name,organizer,category_fit,eligibility,deadline_or_timing,required_assets,effort_level,why_relevant,priority,owner_placeholder,source_url,source_confidence,last_checked_date,funding_source,geography,funding_type,funding_amount_or_range,deadline_or_cadence,matching_requirement,fit_for_yousician
Award,Apple Design Awards,Apple,"Innovation, Interaction, Inclusivity, Delight and Fun, Social Impact",Apple developer app; finalist selection by Apple.,Annual around WWDC; 2026 winners announced June 2026.,"Polished app, App Store metadata, product story, accessibility proof.",Medium,Strong for iOS craft and premium consumer-app credibility.,High,Yousician owner TBD,https://developer.apple.com/design/awards/,High,2026-06-11,,,,,,,
Award,Google Play Best Of,Google Play,"Best apps, games and category/editorial recognition",Android app on Google Play; submission mechanics vary by market/editorial process.,"Annual, usually late-year recognition.","Android product story, store assets, category proof.",Medium,Useful for Android editorial credibility and discovery.,High,Yousician owner TBD,https://play.google.com/best-of-2025,High,2026-06-11,,,,,,,
Award,The Webby Awards,IADAS,"Apps, Software & Immersive; Education; Music; AI",Published entry categories and paid submission.,"2026 extended deadline was February 6, 2026; next cycle expected late 2026/early 2027.","Case study, screenshots/video, impact summary, entry fee.",Medium,Board-friendly external recognition for digital product excellence.,Medium,Yousician owner TBD,https://www.webbyawards.com/how-to-enter-the-webby-awards/,Medium,2026-06-11,,,,,,,
Award,The EdTech Awards,EdTech Digest,"Cool Tool, learning product, skills, mobile learning",Education technology product / service.,2026 closed; next entry window expected Summer 2026 for 2027 program.,"Learning outcomes, customer proof, product narrative.",Medium,Good for education credibility if outcomes can be shown.,Medium,Yousician owner TBD,https://www.edtechdigest.com/enter-awards/,Medium,2026-06-11,,,,,,,
Award,Brandon Hall Excellence in EdTech,Brandon Hall Group,"K-12, professional development, EdTech innovation",Education technology entry; 2026 fee shown as $795.,"2026 deadline September 4, 2026.","Entry form, impact evidence, customer/results narrative.",Medium,Operationally clear and currently open in 2026.,High,Yousician owner TBD,https://excellenceawards.brandonhall.com/edtech/,Medium,2026-06-11,,,,,,,
Award,WorldWiDE EdTech Awards,WorldWiDE EdTech,"Equity, impact and education technology",EdTech product with measurable access or learning impact.,"2026 deadline was December 14, 2025; monitor for 2027.","Impact metrics, product evidence, nomination form.",Low,Potential low-cost credibility if impact framing is strong.,Low,Yousician owner TBD,https://worldwide-edtech.org/faq,Medium,2026-06-11,,,,,,,
Award,Learning Technologies Awards,Learning Technologies,"Digital learning, mobile learning, learning platform",Learning product / project entry.,Annual; 2026 dates require current awards-page validation.,"Case study, learning outcomes, client/customer evidence.",Medium,Relevant if Yousician frames itself as learning technology.,Medium,Yousician owner TBD,https://learningtechnologiesawards.co.uk/,Medium,2026-06-11,,,,,,,
Award,SXSW EDU Launch,SXSW EDU,Education startups and learning innovation,Early/growth education company; application required.,Annual; next cycle requires monitoring.,"Pitch deck, product demo, traction, learning impact.",High,Good for US education/innovation exposure.,Medium,Yousician owner TBD,https://www.sxswedu.com/competitions/launch/,Medium,2026-06-11,,,,,,,
Award,Fast Company World Changing Ideas,Fast Company,"Education, apps, AI/data, consumer products",Product/company with social or market impact.,Annual; 2026 cycle requires monitoring.,"Impact story, metrics, visuals, fee.",Medium,Useful for broader business/media credibility.,Low,Yousician owner TBD,https://www.fastcompany.com/world-changing-ideas,Medium,2026-06-11,,,,,,,
Award,TIME Best Inventions,TIME,"Apps/software, AI, education, consumer technology",New product or major innovation; editorial selection/submission.,Annual; 2026 cycle requires monitoring.,"Innovation narrative, proof, visuals, press materials.",Medium,High-profile but competitive media recognition.,Low,Yousician owner TBD,https://time.com/collection/best-inventions/,Medium,2026-06-11,,,,,,,
Award,NAMM TEC Awards,NAMM Foundation,Music technology and technical excellence,Music product / technology eligibility; category fit must be checked.,Annual; 2026 cycle requires monitoring.,"Product details, technical story, launch date evidence.",Medium,Relevant for music-tech and hardware/software ecosystem credibility.,Medium,Yousician owner TBD,https://www.tecawards.org/,Medium,2026-06-11,,,,,,,
Award,Tom's Guide AI Awards,Tom's Guide,"Consumer AI, productivity, personal tech, future tech",AI-driven product or service; paid nomination in 2026.,"2026 nominations closed April 2, 2026.","AI capability proof, product story, fee.",Low,Useful if AI feedback/personalization becomes a flagship story.,Low,Yousician owner TBD,https://www.tomsguide.com/ai/introducing-the-toms-guide-ai-awards-2026,Medium,2026-06-11,,,,,,,
Funding,,,,Finnish companies with R&D/internationalization project plans.,,,Medium,,,Yousician owner TBD,https://www.businessfinland.fi/en/services/funding/,High,2026-06-11,Business Finland R&D and piloting,Finland,Grant/loan RDI funding,Varies by company size and instrument.,Continuous/open services; specific calls vary.,Own funding required; exact share by instrument.,"Strong fit for AI practice, learning R&D or internationalization initiatives."
Funding,,,,Company + research organization consortia.,,,High,,,Yousician owner TBD,https://www.businessfinland.fi/en/services/funding/,High,2026-06-11,Business Finland Co-Innovation,Finland,Collaborative RDI funding,Project-specific.,Open call status shown in funding listing.,Consortium and own contribution required.,"Possible fit for AI feedback, pedagogy or music-learning research with universities."
Funding,,,,European startups/SMEs with game-changing scalable innovation.,,,High,,,Yousician owner TBD,https://eic.ec.europa.eu/eic-funding-opportunities/eic-accelerator_en,High,2026-06-11,EIC Accelerator,EU,Grant and equity,Grant funding plus possible equity; exact cap per call.,"2026 cut-offs include Jan 7, Mar 4, May 6, Jul 8, Sep 2, Nov 3 per public advisory sources.",Strong company commitment and co-financing/equity process.,"Potential fit only for high-risk AI/learning breakthrough, not routine product work."
Funding,,,,"Consortia around culture, creativity and inclusive society topics.",,,High,,,Yousician owner TBD,https://research-and-innovation.ec.europa.eu/funding/funding-opportunities/funding-programmes-and-open-calls/horizon-europe/cluster-2-culture-creativity-and-inclusive-society_en,High,2026-06-11,Horizon Europe Cluster 2,EU,Research and innovation grant,Topic-specific budgets.,2026-2027 work programme topics; deadlines via Funding & Tenders portal.,Consortium and proposal workload required.,"Possible fit for music education, cultural participation or AI/creative learning research."
Funding,,,,European producers/XR/game companies developing global-audience video games or immersive content.,,,High,,,Yousician owner TBD,https://www.euro-access.eu/en/calls/2391/Video-games-and-immersive-content-development,Medium,2026-06-11,Creative Europe MEDIA - Video Games and Immersive Content,EU,Lump-sum grant,"Up to EUR 200,000; 60% funding rate shown in public call summaries.","2026 call opened Sep 30, 2025 and closed Feb 11, 2026.",Matching/own budget required; creative-production eligibility must be checked.,Possible fit only for immersive/gamified music-learning products with strong creative content.
Funding,,,,European cultural and creative sector consortia/startups depending on call.,,,Medium,,,Yousician owner TBD,https://eit-culture-creativity.eu/,Medium,2026-06-11,EIT Culture & Creativity,EU,Innovation and ecosystem funding,Call-specific.,Monitor 2026/2027 calls.,Consortium and co-financing likely.,"Potential fit for music-learning, creativity and cultural participation initiatives."
Funding,,,,Education/training organizations and partners; company role requires partner-fit validation.,,,High,,,Yousician owner TBD,https://erasmus-plus.ec.europa.eu/opportunities/opportunities-for-organisations/cooperation-among-organisations-and-institutions,High,2026-06-11,Erasmus+ Cooperation Partnerships,EU,Education cooperation grant,Typically fixed lump sums by project type.,Annual calls; 2026 deadlines require portal validation.,Consortium and educational impact required.,"Possible fit for schools/teacher partnerships, not core B2C growth."
Funding,,,,Organizations delivering digital/AI/data/cyber capacity projects.,,,High,,,Yousician owner TBD,https://digital-strategy.ec.europa.eu/en/activities/digital-programme,High,2026-06-11,Digital Europe Programme,EU,Digital capacity funding,Call-specific.,Monitor EU Funding & Tenders calls.,Consortium and policy alignment often required.,"Possible fit for AI trust, skills or digital education initiatives."
Funding,,,,High-potential app studios selected by Google Play.,,,Medium,,,Yousician owner TBD,https://developer.android.com/blog/posts/meet-the-class-of-2026-for-the-google-play-apps-accelerator,Medium,2026-06-11,Google Play Apps Accelerator,Global / platform,Accelerator / platform support,Non-dilutive support rather than grant; benefits via mentorship/distribution.,2026 class announced; future cohorts to monitor.,Application/selection required.,"Relevant to Android growth, store optimization and platform relationships."
Funding,,,,Startups and eligible companies via AWS Activate; eligibility varies.,,,Low,,,Yousician owner TBD,https://aws.amazon.com/activate/,Medium,2026-06-11,AWS Activate,Global,Cloud credits and startup support,Credits vary by tier.,Rolling.,Cloud spend / startup eligibility requirements.,Possible support for AI/audio infrastructure experiments if eligible.
Funding,,,,AI startups; membership requirements apply.,,,Low,,,Yousician owner TBD,https://www.nvidia.com/en-us/startups/,Medium,2026-06-11,NVIDIA Inception,Global,Startup program / technical support,Benefits/credits/support vary.,Rolling.,No standard grant; partner/program requirements.,Possible fit for AI audio feedback or on-device/audio model work.
Funding,,,,Finnish companies depending on instrument and growth stage.,,,Medium,,,Yousician owner TBD,https://www.finnvera.fi/eng,Medium,2026-06-11,Finnvera / Tesi growth finance,Finland,Loan/guarantee/equity ecosystem,Instrument-specific.,Ongoing / instrument-specific.,Financing and due diligence requirements.,"Relevant as context for Finnish growth funding, less direct than Business Finland."
