award_name,organizer,category_fit,eligibility,deadline_or_timing,required_assets,effort_level,why_relevant,priority,owner_placeholder,source_url,source_confidence,last_checked_date,deadline_status,immediate_next_step,decision_needed
Apple Design Awards,Apple,"Innovation, Interaction, Inclusivity, Delight and Fun, Social Impact",Apple developer app; finalist selection by Apple.,Annual around WWDC; 2026 winners announced June 2026.,"Polished app, App Store metadata, product story, accessibility proof.",Medium,Strong for iOS craft and premium consumer-app credibility.,High,Yousician owner TBD,https://developer.apple.com/design/awards/,High,2026-06-11,Closed / monitor next cycle,"Assign owner, confirm current deadline, collect product screenshots/video and evidence of learning impact.","Submit this cycle, monitor next cycle, or deprioritize."
Google Play Best Of,Google Play,"Best apps, games and category/editorial recognition",Android app on Google Play; submission mechanics vary by market/editorial process.,"Annual, usually late-year recognition.","Android product story, store assets, category proof.",Medium,Useful for Android editorial credibility and discovery.,High,Yousician owner TBD,https://play.google.com/best-of-2025,High,2026-06-11,Monitor / validate current window,"Assign owner, confirm current deadline, collect product screenshots/video and evidence of learning impact.","Submit this cycle, monitor next cycle, or deprioritize."
The Webby Awards,IADAS,"Apps, Software & Immersive; Education; Music; AI",Published entry categories and paid submission.,"2026 extended deadline was February 6, 2026; next cycle expected late 2026/early 2027.","Case study, screenshots/video, impact summary, entry fee.",Medium,Board-friendly external recognition for digital product excellence.,Medium,Yousician owner TBD,https://www.webbyawards.com/how-to-enter-the-webby-awards/,Medium,2026-06-11,Closed / monitor next cycle,"Assign owner, confirm current deadline, collect product screenshots/video and evidence of learning impact.","Submit this cycle, monitor next cycle, or deprioritize."
The EdTech Awards,EdTech Digest,"Cool Tool, learning product, skills, mobile learning",Education technology product / service.,2026 closed; next entry window expected Summer 2026 for 2027 program.,"Learning outcomes, customer proof, product narrative.",Medium,Good for education credibility if outcomes can be shown.,Medium,Yousician owner TBD,https://www.edtechdigest.com/enter-awards/,Medium,2026-06-11,Closed / monitor next cycle,"Assign owner, confirm current deadline, collect product screenshots/video and evidence of learning impact.","Submit this cycle, monitor next cycle, or deprioritize."
Brandon Hall Excellence in EdTech,Brandon Hall Group,"K-12, professional development, EdTech innovation",Education technology entry; 2026 fee shown as $795.,"2026 deadline September 4, 2026.","Entry form, impact evidence, customer/results narrative.",Medium,Operationally clear and currently open in 2026.,High,Yousician owner TBD,https://excellenceawards.brandonhall.com/edtech/,Medium,2026-06-11,Monitor / validate current window,"Assign owner, confirm current deadline, collect product screenshots/video and evidence of learning impact.","Submit this cycle, monitor next cycle, or deprioritize."
WorldWiDE EdTech Awards,WorldWiDE EdTech,"Equity, impact and education technology",EdTech product with measurable access or learning impact.,"2026 deadline was December 14, 2025; monitor for 2027.","Impact metrics, product evidence, nomination form.",Low,Potential low-cost credibility if impact framing is strong.,Low,Yousician owner TBD,https://worldwide-edtech.org/faq,Medium,2026-06-11,Closed / monitor next cycle,"Assign owner, confirm current deadline, collect product screenshots/video and evidence of learning impact.","Submit this cycle, monitor next cycle, or deprioritize."
Learning Technologies Awards,Learning Technologies,"Digital learning, mobile learning, learning platform",Learning product / project entry.,Annual; 2026 dates require current awards-page validation.,"Case study, learning outcomes, client/customer evidence.",Medium,Relevant if Yousician frames itself as learning technology.,Medium,Yousician owner TBD,https://learningtechnologiesawards.co.uk/,Medium,2026-06-11,Monitor / validate current window,"Assign owner, confirm current deadline, collect product screenshots/video and evidence of learning impact.","Submit this cycle, monitor next cycle, or deprioritize."
SXSW EDU Launch,SXSW EDU,Education startups and learning innovation,Early/growth education company; application required.,Annual; next cycle requires monitoring.,"Pitch deck, product demo, traction, learning impact.",High,Good for US education/innovation exposure.,Medium,Yousician owner TBD,https://www.sxswedu.com/competitions/launch/,Medium,2026-06-11,Monitor / validate current window,"Assign owner, confirm current deadline, collect product screenshots/video and evidence of learning impact.","Submit this cycle, monitor next cycle, or deprioritize."
Fast Company World Changing Ideas,Fast Company,"Education, apps, AI/data, consumer products",Product/company with social or market impact.,Annual; 2026 cycle requires monitoring.,"Impact story, metrics, visuals, fee.",Medium,Useful for broader business/media credibility.,Low,Yousician owner TBD,https://www.fastcompany.com/world-changing-ideas,Medium,2026-06-11,Monitor / validate current window,"Assign owner, confirm current deadline, collect product screenshots/video and evidence of learning impact.","Submit this cycle, monitor next cycle, or deprioritize."
TIME Best Inventions,TIME,"Apps/software, AI, education, consumer technology",New product or major innovation; editorial selection/submission.,Annual; 2026 cycle requires monitoring.,"Innovation narrative, proof, visuals, press materials.",Medium,High-profile but competitive media recognition.,Low,Yousician owner TBD,https://time.com/collection/best-inventions/,Medium,2026-06-11,Monitor / validate current window,"Assign owner, confirm current deadline, collect product screenshots/video and evidence of learning impact.","Submit this cycle, monitor next cycle, or deprioritize."
NAMM TEC Awards,NAMM Foundation,Music technology and technical excellence,Music product / technology eligibility; category fit must be checked.,Annual; 2026 cycle requires monitoring.,"Product details, technical story, launch date evidence.",Medium,Relevant for music-tech and hardware/software ecosystem credibility.,Medium,Yousician owner TBD,https://www.tecawards.org/,Medium,2026-06-11,Monitor / validate current window,"Assign owner, confirm current deadline, collect product screenshots/video and evidence of learning impact.","Submit this cycle, monitor next cycle, or deprioritize."
Tom's Guide AI Awards,Tom's Guide,"Consumer AI, productivity, personal tech, future tech",AI-driven product or service; paid nomination in 2026.,"2026 nominations closed April 2, 2026.","AI capability proof, product story, fee.",Low,Useful if AI feedback/personalization becomes a flagship story.,Low,Yousician owner TBD,https://www.tomsguide.com/ai/introducing-the-toms-guide-ai-awards-2026,Medium,2026-06-11,Closed / monitor next cycle,"Assign owner, confirm current deadline, collect product screenshots/video and evidence of learning impact.","Submit this cycle, monitor next cycle, or deprioritize."
