brief_category,player,what_they_are,estimated_size_reach,ownership_investors,ai_or_recent_initiatives,why_they_matter,evidence_status,confidence,priority,source_url,last_checked_date
Music learning apps and platforms,Simply,Mobile-first music learning platform and direct reference point for casual learners.,Large consumer app,Simply Ltd / Simply app developer listing,Potential personalization and practice feedback research target,"Useful benchmark for onboarding, motivation, pricing, and growth in app-based music education.",Public source skim completed; credentialed performance or deeper investor history still pending where applicable.,Medium,High,https://apps.apple.com/us/developer/simply-ltd/id1019442026,2026-06-13
Music hobby software ecosystem,Ultimate Guitar,"Tab, chord, song, and musician community ecosystem for guitar players.",Large global music community,Muse Group,"Research AI-assisted discovery, practice, and content workflow signals",Strong influence on how hobbyists discover songs and move from inspiration to practice.,Public source skim completed; credentialed performance or deeper investor history still pending where applicable.,High,High,https://www.musegroup.com/,2026-06-13
Music learning apps and platforms,Fender Play,Learning product connected to one of the strongest guitar brands.,Brand-backed learning app,Fender,Confirmed app feedback surface; broader AI/connected-instrument roadmap remains a monitoring hypothesis,"Shows how instrument makers can extend into software, subscriptions, and beginner journeys.",Public source skim completed; credentialed performance or deeper investor history still pending where applicable.,High,Medium,https://www.fender.com/play,2026-06-13
Music learning apps and platforms,Flowkey,"Piano learning app focused on songs, guided lessons, and practice support.",Established piano app,flowkey GmbH; Yamaha partnership should be treated as partner context unless ownership is separately validated,Confirmed feedback/product-learning surface; AI content generation remains a monitoring hypothesis,"Important benchmark for piano learning, catalog positioning, and conversion mechanics.",Public source skim completed; credentialed performance or deeper investor history still pending where applicable.,Medium,Medium,https://www.flowkey.com/en,2026-06-13
Music hobby software ecosystem,JustinGuitar,Influential guitar educator with a broad online learning footprint.,Large creator-led audience,JustinGuitar official learning site / creator-led educator platform; no ownership/investor claim used beyond public product identity.,Research how creator-led learning uses AI-assisted practice or content,Shows the power of trusted teachers and free content in shaping learner behavior.,Public source skim completed; credentialed performance or deeper investor history still pending where applicable.,Medium,Medium,https://www.justinguitar.com/,2026-06-13
"Instrument brands, manufacturers and distributors",Fender,"Iconic guitar brand with reach across aspiration, hardware, education, and artist culture.",Major global brand,Fender Musical Instruments Corporation / official company and product source; private ownership history not used as a main narrative claim.,Research connected instrument and practice feedback initiatives,Instrument brands can shape the beginner funnel before users choose a learning app.,Public source skim completed; credentialed performance or deeper investor history still pending where applicable.,Medium,High,https://www.fender.com/pages/about-fmic,2026-06-13
"Instrument brands, manufacturers and distributors",Yamaha,Large music instrument and audio company with broad education relevance.,Major global brand,Public company / Yamaha Corporation,"Research smart instruments, learning integrations, and audio AI","Influences hardware access, music education channels, and partner possibilities.",Public source skim completed; credentialed performance or deeper investor history still pending where applicable.,High,Medium,https://www.yamaha.com/en/ir/,2026-06-13
Music hobby software ecosystem,BandLab,Cloud music creation and collaboration ecosystem with strong creator and community signals.,Large creator community,BandLab Technologies / part of Caldecott Music Group; BandLab is the group flagship social music platform.,AI-assisted creation and creator workflow research target,Represents the shift from learning an instrument to making and sharing music quickly.,Public source skim completed; credentialed performance or deeper investor history still pending where applicable.,High,High,https://bandlabtechnologies.com/,2026-06-13
Music hobby software ecosystem,Splice,"Sample, sound, and creator workflow platform.",Large creator tool,Splice official music creation platform; private ownership/investor history not used as a main narrative claim.,"AI search, generation, and workflow research target",Shows how hobbyists and creators pay for tools that accelerate making music.,Public source skim completed; credentialed performance or deeper investor history still pending where applicable.,Medium,Medium,https://splice.com/,2026-06-13
AI companies and AI initiatives,Suno,AI music generation platform that changes how non-musicians create complete songs.,High visibility AI platform,"Suno official Series D source: over $400M raised at a $5.4B post-money valuation, led by Bond Capital with named investors.",Core AI music generation,"May shift the meaning of music participation, motivation, and creation for casual users.",Public source skim completed; credentialed performance or deeper investor history still pending where applicable.,High,High,https://suno.com/blog/series-d-announcement,2026-06-13
AI companies and AI initiatives,Udio,AI music generation platform for prompt-based song creation.,High visibility AI platform,"Udio official/UMG source: AI music company backed by a16z, Redpoint, Hanwha, will.i.am, Steve Stoute, Kevin Wall and others.",Core AI music generation,"Important to understand whether AI creation competes with, complements, or expands music learning.",Public source skim completed; credentialed performance or deeper investor history still pending where applicable.,High,Medium,https://www.universalmusic.com/universal-music-group-and-udio-announce-udios-first-strategic-agreements-for-new-licensed-ai-music-creation-platform/,2026-06-13
AI companies and AI initiatives,Moises,AI-powered music practice and audio utility used by musicians and learners.,Large musician utility,Private,"Audio separation, practice tools, smart music utilities",Strong example of AI improving practice workflows without replacing instrument learning.,Needs app + company source,Medium,High,https://moises.ai/,2026-06-11
"Teachers, schools and music education organizations / wider education",Duolingo,"Consumer learning benchmark for habit formation, gamification, and subscription education.",Very large public consumer education app,"Public company / Duolingo, Inc.","AI personalization, tutoring, and content systems research target","Not music-specific, but highly relevant for learning loops, retention, brand, and AI in education.",Public source skim completed; credentialed performance or deeper investor history still pending where applicable.,High,Medium,https://investors.duolingo.com/,2026-06-13
Music learning apps and platforms,Guitar Tricks,"Long-running online guitar lesson platform with structured courses, songs, and learning tools.",Large online guitar education platform,Guitar Tricks Inc.,"Research personalization, practice planning, and lesson recommendation signals","Important guitar-specific subscription benchmark for curriculum depth, song-led learning, and adult beginner messaging.",Public app/product sources linked; needs Appfigures + traffic data,Pending,Medium,https://www.guitartricks.com/,2026-06-11
Music learning apps and platforms,Pickup Music,Modern guitar-learning platform built around structured pathways and contemporary player identity.,Growing modern guitar platform,"Pickup Music, Inc.","Research personalized feedback, pathway design, and practice accountability","Useful benchmark for higher-intent guitarists, modern aesthetics, community, and guided weekly practice.",Public product/app/company sources linked; needs traffic data,Medium,Medium,https://www.pickupmusic.com/,2026-06-11
Music learning apps and platforms,Rocksmith+,"Interactive music-learning service built around real instruments, song catalog, and feedback.",Major game-backed learning brand,Ubisoft,"Research note detection, adaptive difficulty, and song-based feedback mechanics","Important benchmark for real-time feedback, licensed songs, game-like practice, and multi-instrument expansion.",Public source skim completed; credentialed performance or deeper investor history still pending where applicable.,High,Medium,https://www.ubisoft.com/en-us/game/rocksmith/plus,2026-06-13
Music learning apps and platforms,Gibson App,Guitar-learning app connected to Gibson's hardware and brand ecosystem.,Brand-backed learning app,Gibson App is visibly linked from Gibson official media/discover navigation and has its own official product site.,Research real-time feedback and brand-led personalization,Shows how a major guitar brand can bundle learning with instrument purchase and beginner motivation.,Public source skim completed; credentialed performance or deeper investor history still pending where applicable.,High,Medium,https://www.gibson.com/,2026-06-13
Music hobby software ecosystem,Chordify,Chord-recognition and play-along platform that turns songs into playable chord progressions.,Large chord utility,Chordify official product/company identity; full ownership/investor history not used as a main narrative claim.,"Chord recognition, song parsing, and practice support",Owns a high-intent moment between song discovery and self-guided practice.,Public source skim completed; credentialed performance or deeper investor history still pending where applicable.,Medium,Medium,https://chordify.net/,2026-06-13
Music hobby software ecosystem,YouTube,"Default open platform for free music learning, creator-led lessons, discovery, and artist careers.",Massive global platform,YouTube for Artists official product surface; Google/Alphabet public-company context validated through Alphabet investor/SEC materials.,"Recommendation, Shorts discovery, creator tools, and AI content policy","A major substitute and funnel for self-guided learning; it shapes inspiration, discovery, and expectations of free content.",Public source skim completed; credentialed performance or deeper investor history still pending where applicable.,High,High,https://abc.xyz/investor/,2026-06-13
"Instrument brands, manufacturers and distributors",Gibson,Iconic guitar brand with a direct learning app and hardware-led beginner entry points.,Major guitar brand,Private,"Research connected learning, app feedback, and brand-led beginner journeys",Hardware brands can capture learner intent before software choice and can bundle education into purchase moments.,Needs company + bundle performance source,Low,Medium,https://www.gibson.com/,2026-06-11
"Instrument brands, manufacturers and distributors",Positive Grid,"Smart guitar amp and app ecosystem connecting gear, tones, songs, and practice.",Visible smart-amp ecosystem,Positive Grid Limited / official product company source.,"AI tone generation, chord detection, smart practice, and connected hardware",Shows how hardware can become an app-led practice surface and compete for daily guitar time.,Public source skim completed; credentialed performance or deeper investor history still pending where applicable.,High,Medium,https://www.positivegrid.com/,2026-06-13
Music hobby software ecosystem,FL Studio,Popular music production software known for fast beat-making and accessible creator workflows.,Major producer platform,Image-Line,"Research browser DAW, AI-assisted production, and beginner creator onboarding","Shapes the path from musical interest to beat-making, production, and creator identity.",Public source skim completed; credentialed performance or deeper investor history still pending where applicable.,High,Medium,https://www.image-line.com/fl-studio/,2026-06-13
AI companies and AI initiatives,ElevenLabs Music,AI audio platform expanding into full music generation from natural language prompts.,High-profile AI audio company,ElevenLabs official company/product source includes AI music and creative-audio capabilities; private funding history requires separate validation.,Core AI music and audio generation,"Important because major AI audio platforms may enter music creation, rights, and creator tooling at scale.",Public source skim completed; credentialed performance or deeper investor history still pending where applicable.,Medium,Medium,https://elevenlabs.io/,2026-06-13
"Investors, media, awards, funding and cultural drivers",Spotify for Artists,"Artist-facing platform for managing Spotify presence, audience insights, promotion, and artist business tools.",Major global music platform,Spotify for Artists official product surface under Spotify.,"Artist authenticity, AI music policy, recommendations, and creator tools","Important for how hobbyists understand music success, release goals, artist identity, and AI-authenticity debates.",Public source skim completed; credentialed performance or deeper investor history still pending where applicable.,High,Medium,https://artists.spotify.com/,2026-06-13
"Investors, media, awards, funding and cultural drivers",TikTok for Artists,Artist insight platform tied to TikTok's music discovery and fan engagement surface.,Massive short-form discovery platform,ByteDance,"Recommendation, trend detection, creator tools, and AI content policy","TikTok can shape song discovery, cultural momentum, and what learners want to play.",Needs trend monitoring + music partnership source,Low,Medium,https://artists.tiktok.com/,2026-06-11
Music learning apps and platforms,Musora,"Umbrella music education platform spanning drums, piano, guitar, singing, lessons, and community.",Large online music lesson ecosystem,Private,"Research practice feedback, lesson recommendation, and cross-instrument learning paths",Adds an important multi-instrument subscription benchmark beyond single-instrument apps.,Needs app data + subscriber / traffic validation,Low,Medium,https://www.musora.com/,2026-06-11
Music learning apps and platforms,Fretello,Mobile guitar learning app focused on structured plans and guided practice.,Specialist guitar app,Fretello official specialist guitar-learning app; company/operator details require registry or app-store validation for legal precision.,"Research personalization, adaptive plans, and feedback patterns","Directly relevant for guitar onboarding, lesson pacing, personalization, and app-store positioning.",Public source skim completed; credentialed performance or deeper investor history still pending where applicable.,Medium,Medium,https://fretello.com/app/,2026-06-13
Music hobby software ecosystem,Chord ai,Mobile app that detects chords and song structure from audio to support self-guided playing.,Visible AI practice utility,Chord ai official AI chord-recognition product; developer/legal entity should be validated from app-store or company records before precise ownership wording.,Core AI chord recognition and song parsing,Important because it moves AI directly into the song-to-practice moment that GuitarTuna/Yousician users care about.,Public source skim completed; credentialed performance or deeper investor history still pending where applicable.,Medium,Medium,https://chordai.net/,2026-06-13
