player_id,player,entity_kind,brief_category,dashboard_category,strategic_layer,type,subcategory,geography,estimated_size_reach,business_model,ownership_investors,ai_or_recent_initiatives,relevance_score,momentum_score,ai_score,key_player,what_they_are,why_they_matter,evidence_status,source_confidence,requires_credentialed_data,relationship_status,source_ids,source_urls,open_questions,last_checked_date,owner_placeholder
simply,Simply,Company / product,Music learning apps and platforms,Learning apps & curricula,Core market,Direct learning app,App-based guitar and music learning,Global,Large consumer app,Subscription learning app,Simply Ltd,Potential personalization and practice feedback research target,5,4,3,TRUE,Mobile-first music learning platform and direct reference point for casual learners.,"Useful benchmark for onboarding, motivation, pricing, and growth in app-based music education.",Public product/developer sources linked; needs Appfigures,Pending,TRUE,Internal relationship status not yet captured in this dataset. To be completed by Yousician.,simply_guitar | simply_home | research_market_cross_product | simply_google_play_dev | simply_app_store_dev,https://www.hellosimply.com/simply-guitar | https://www.hellosimply.com/ | https://yousician.atlassian.net/wiki/spaces/Research/pages/6041960456 | https://play.google.com/store/apps/dev?hl=en_US&id=9173704920238080377 | https://apps.apple.com/us/developer/simply-ltd/id492065449,App performance and revenue trend | Ownership/investor history beyond public developer pages | Current growth by geography,2026-06-11,Yousician owner TBD
ultimate-guitar,Ultimate Guitar,Company / product,Music hobby software ecosystem,Song & practice ecosystems,Core habit layer,Song-practice ecosystem,"Tabs, chords, song discovery, and practice habits",Global,Large global music community,"Freemium, subscription, ads",Muse Group,"Research AI-assisted discovery, practice, and content workflow signals",5,4,3,TRUE,"Tab, chord, song, and musician community ecosystem for guitar players.",Strong influence on how hobbyists discover songs and move from inspiration to practice.,Needs traffic + app data check,Low,TRUE,Internal relationship status not yet captured in this dataset. To be completed by Yousician.,ultimate_guitar_about | muse_group | research_market_cross_product | ultimate_guitar_google_play | muse_group_ultimate_guitar,https://www.ultimate-guitar.com/about/ | https://www.mu.se/ | https://yousician.atlassian.net/wiki/spaces/Research/pages/6041960456 | https://play.google.com/store/apps/details?hl=en_US&id=com.ultimateguitar.tabs | https://www.mu.se/ultimate-guitar,Current traffic split by web/app | Recent monetization and AI product direction | Impact of Muse Group bundling,2026-06-11,Yousician owner TBD
fender-play,Fender Play,Company / product,Music learning apps and platforms,Learning apps & curricula,Core market,Brand-backed learning app,"Guitar, bass, and ukulele learning",Global,Brand-backed learning app,Subscription and brand ecosystem,Fender,Confirmed app feedback surface; broader AI/connected-instrument roadmap remains a monitoring hypothesis,4,3,2,TRUE,Learning product connected to one of the strongest guitar brands.,"Shows how instrument makers can extend into software, subscriptions, and beginner journeys.",Official Fender/app sources linked; needs Appfigures + bundle performance; AI roadmap not confirmed,Pending,TRUE,Internal relationship status not yet captured in this dataset. To be completed by Yousician.,fender_play | research_market_cross_product | fender_play_app_store | fender_play_google_play,https://www.fender.com/play | https://yousician.atlassian.net/wiki/spaces/Research/pages/6041960456 | https://apps.apple.com/us/app/fender-play-learn-guitar/id1226057939 | https://play.google.com/store/apps/details?hl=en_US&id=com.fender.play,Current app performance and revenue | Hardware bundle and Samsung/TV expansion impact | Retention vs Yousician guitar-learning journeys,2026-06-11,Yousician owner TBD
flowkey,Flowkey,Company / product,Music learning apps and platforms,Learning apps & curricula,Core market,Instrument learning app,Piano learning benchmark,Global,Established piano app,Subscription,"flowkey GmbH; Yamaha is a hardware-promotion partner, not shown here as owner",Confirmed feedback/product-learning surface; AI content generation remains a monitoring hypothesis,4,3,2,TRUE,"Piano learning app focused on songs, guided lessons, and practice support.","Important benchmark for piano learning, catalog positioning, and conversion mechanics.",Public product/app/partner sources linked; needs Appfigures,Pending,TRUE,Internal relationship status not yet captured in this dataset. To be completed by Yousician.,flowkey_official | flowkey_google_play | flowkey_yamaha | yamaha_flowkey_promo,https://www.flowkey.com/en | https://play.google.com/store/apps/details?hl=en_US&id=com.flowkey.app | https://www.flowkey.com/en/yamaha | https://usa.yamaha.com/promotions/flowkey/index.html,Current app ranking and revenue | Exact company ownership structure | Yamaha partnership conversion impact,2026-06-11,Yousician owner TBD
skoove,Skoove,Company / product,Music learning apps and platforms,Learning apps & curricula,Core market,Instrument learning app,Piano learning benchmark,Global,Established piano app,Subscription,Skoove,Research feedback and adaptive practice signals,4,3,2,FALSE,Digital piano learning platform for beginner and intermediate players.,"Relevant for piano pedagogy, app store positioning, and paid acquisition benchmarks.",Public product/app sources linked; needs Appfigures,Pending,TRUE,Internal relationship status not yet captured in this dataset. To be completed by Yousician.,skoove_official | skoove_google_play | skoove_app_store,https://www.skoove.com/en | https://play.google.com/store/apps/details?hl=en_US&id=com.skoove.piano | https://apps.apple.com/us/app/skoove-learn-to-play-piano/id1160668178,Ownership and funding | Current app performance | B2C vs partnership motion,2026-06-11,Yousician owner TBD
justinguitar,JustinGuitar,Company / product,Music hobby software ecosystem,Song & practice ecosystems,Core habit layer,Creator-led practice ecosystem,"Trusted guitar teacher, free lessons, app, and course funnel",Global,Large creator-led audience,"Free content, courses, app, community",Independent,Research how creator-led learning uses AI-assisted practice or content,4,3,2,TRUE,Influential guitar educator with a broad online learning footprint.,Shows the power of trusted teachers and free content in shaping learner behavior.,Public app/site sources linked; needs audience data,Low,FALSE,Internal relationship status not yet captured in this dataset. To be completed by Yousician.,justinguitar_site | justinguitar_app,https://www.justinguitar.com/ | https://justinguitarapp.com/,Current audience size | App conversion and course economics,2026-06-11,Yousician owner TBD
artie-piano,Artie Piano,Company / product,Music learning apps and platforms,Learning apps & curricula,Core market,AI-native learning app,AI piano teacher and adaptive practice,To verify,Emerging,To verify,To verify,Likely research target for AI-native learning patterns,3,3,3,FALSE,Example emerging piano learning player from the brief.,Useful as an early signal for new product patterns in music learning.,Public ArtMaster/app sources linked; needs traction validation,Low,FALSE,Internal relationship status not yet captured in this dataset. To be completed by Yousician.,artie_artmaster | artie_app_store | artie_review,https://www.artmaster.com/artie | https://apps.apple.com/us/app/artie-learn-piano-with-ai/id6746756746 | https://www.artmaster.com/articles/artie-piano-app-review,Traction beyond app listing | Retention and paid conversion | Model/feedback quality against established piano apps,2026-06-11,Yousician owner TBD
fender,Fender,Company / product,"Instrument brands, manufacturers and distributors",Hardware & retail channels,Acquisition layer,Hardware ecosystem,"Guitar brand, beginner gear, and learning extension",Global,Major global brand,"Hardware, software, subscriptions, content",Private,Research connected instrument and practice feedback initiatives,5,3,2,TRUE,"Iconic guitar brand with reach across aspiration, hardware, education, and artist culture.",Instrument brands can shape the beginner funnel before users choose a learning app.,Public company/product sources linked; needs market validation,Low,FALSE,Internal relationship status not yet captured in this dataset. To be completed by Yousician.,fender_play | research_market_cross_product | fender_play_app_store | fender_play_google_play,https://www.fender.com/play | https://yousician.atlassian.net/wiki/spaces/Research/pages/6041960456 | https://apps.apple.com/us/app/fender-play-learn-guitar/id1226057939 | https://play.google.com/store/apps/details?hl=en_US&id=com.fender.play,Current beginner-bundle strategy | Retail and connected hardware partnerships | Internal relationship opportunities,2026-06-11,Yousician owner TBD
yamaha,Yamaha,Company / product,"Instrument brands, manufacturers and distributors",Hardware & retail channels,Acquisition layer,Hardware and education ecosystem,"Instruments, audio, schools, and education infrastructure",Global,Major global brand,"Hardware, education, services",Public company,"Research smart instruments, learning integrations, and audio AI",4,3,2,TRUE,Large music instrument and audio company with broad education relevance.,"Influences hardware access, music education channels, and partner possibilities.",Public company/product source linked; needs performance validation,Low,FALSE,Internal relationship status not yet captured in this dataset. To be completed by Yousician.,yamaha_products | yamaha_education,https://www.yamaha.com/en/products-services/ | https://usa.yamaha.com/education/index.html,Current digital-learning partnerships | Regional education priorities,2026-06-11,Yousician owner TBD
thomann,Thomann,Channel / hardware,"Instrument brands, manufacturers and distributors",Hardware & retail channels,Acquisition layer,Retail channel,European gear purchase and beginner bundle surface,Europe,Large European music retailer,"Ecommerce, private label, content",Private,Research recommendation and content initiatives,4,3,1,FALSE,Major instrument retailer with reach at the moment learners buy gear.,"Retailers can influence purchase intent, bundles, learning referrals, and beginner journeys.",Public commerce/company sources linked; needs traffic data,Medium,TRUE,Internal relationship status not yet captured in this dataset. To be completed by Yousician.,thomann_official | thomann_about,https://www.thomannmusic.com/ | https://www.thomannmusic.com/compinfo.html,Traffic and conversion behavior | Beginner-bundle behavior | Partnership openness,2026-06-11,Yousician owner TBD
sweetwater,Sweetwater,Channel / hardware,"Instrument brands, manufacturers and distributors",Hardware & retail channels,Acquisition layer,Retail channel,"US gear purchase, sales support, and content surface",US,Large US music retailer,"Ecommerce, sales support, content",Private,Research recommendation and support initiatives,3,3,1,FALSE,Large music gear retailer with strong content and sales support surface.,Can shape the US beginner journey and partner ecosystem around instrument purchases.,Public commerce/company sources linked; needs traffic data,Medium,TRUE,Internal relationship status not yet captured in this dataset. To be completed by Yousician.,sweetwater_official | sweetwater_app,https://www.sweetwater.com/ | https://www.sweetwater.com/app/,Beginner bundle strategy | Education or referral partnerships | Retail-to-learning funnel data,2026-06-11,Yousician owner TBD
bandlab,BandLab,Company / product,Music hobby software ecosystem,Creation & production tools,Hobby expansion,Creation and social platform,"Cloud creation, collaboration, community, and AI-assisted tools",Global,Large creator community,"Creator tools, social, services",BandLab Technologies,AI-assisted creation and creator workflow research target,5,5,5,TRUE,Cloud music creation and collaboration ecosystem with strong creator and community signals.,Represents the shift from learning an instrument to making and sharing music quickly.,Needs company + funding + app data,Low,FALSE,Internal relationship status not yet captured in this dataset. To be completed by Yousician.,bandlab_official | bandlab_app_store | research_guitartuna_foundational,https://www.bandlab.com/?lang=en | https://apps.apple.com/us/app/bandlab-music-maker-beats/id968585775 | https://yousician.atlassian.net/wiki/spaces/Research/pages/6040977421,Creator-to-learner overlap | Current monetization and AI roadmap,2026-06-11,Yousician owner TBD
musescore,MuseScore,Company / product,Music hobby software ecosystem,Creation & production tools,Hobby expansion,Notation and repertoire ecosystem,"Notation, sheet music, arranging, and repertoire discovery",Global,Large musician utility,"Freemium, subscription, open source ecosystem",Muse Group,"Research notation, arrangement, and content tooling AI",4,4,3,FALSE,"Notation, sheet music, and practice utility ecosystem.","Important for learners who move into reading, arranging, composing, and repertoire discovery.",Public product sources linked; needs traffic data,Low,TRUE,Internal relationship status not yet captured in this dataset. To be completed by Yousician.,musescore_org | muse_group_musescore | muse_group,https://musescore.org/ | https://www.mu.se/musescore-studio | https://www.mu.se/,Learner usage vs creator usage | Bundling with Ultimate Guitar/Muse Group,2026-06-11,Yousician owner TBD
songsterr,Songsterr,Company / product,Music hobby software ecosystem,Song & practice ecosystems,Core habit layer,Song-practice utility,"Tabs, playback, and song-led practice",Global,Large tab utility,"Freemium, subscription",To verify,"Research discovery, tab generation, and practice support",4,3,2,FALSE,"Tab player and practice utility for guitar, bass, and drums.",Captures song-driven practice intent and recurring hobby use.,Public app/product sources linked; needs traffic data,Low,TRUE,Internal relationship status not yet captured in this dataset. To be completed by Yousician.,songsterr_official | songsterr_app_store,https://www.songsterr.com/ | https://apps.apple.com/us/app/songsterr-tabs-chords/id399211291,Traffic and app performance | Licensing and catalog depth,2026-06-11,Yousician owner TBD
splice,Splice,Channel / hardware,Music hobby software ecosystem,Creation & production tools,Hobby expansion,Creator marketplace,"Samples, sounds, AI search, and creator workflow",Global,Large creator tool,Subscription and marketplace,Private,"AI search, generation, and workflow research target",4,4,4,TRUE,"Sample, sound, and creator workflow platform.",Shows how hobbyists and creators pay for tools that accelerate making music.,Needs company + funding source,Low,FALSE,Internal relationship status not yet captured in this dataset. To be completed by Yousician.,splice_official | splice_samples_search | splice_ai_tools_news,https://splice.com/ | https://splice.com/sounds/search/samples | https://www.musicradar.com/music-tech/splice-launches-generative-ai-tools-that-fairly-compensate-sample-creators,Hobbyist vs professional usage | AI licensing/commercial model details,2026-06-11,Yousician owner TBD
ableton,Ableton,Company / product,Music hobby software ecosystem,Creation & production tools,Hobby expansion,Production platform,"DAW, hardware, learning resources, and creator workflow",Global,Major music creation platform,Software and hardware,Private,Research assisted production and learning workflows,4,3,2,FALSE,Professional and hobbyist music production platform.,"Influences the path from learning to creating, especially for modern electronic music hobbyists.",Public company/product source linked; needs performance validation,Low,FALSE,Internal relationship status not yet captured in this dataset. To be completed by Yousician.,ableton_official | ableton_live | ableton_push,https://www.ableton.com/en/ | https://www.ableton.com/en/live/what-is-live/ | https://www.ableton.com/en/push/,Learning/onboarding influence for beginners | Education channel signal,2026-06-11,Yousician owner TBD
suno,Suno,Company / product,AI companies and AI initiatives,AI music & audio technology,Disruption layer,AI creation disruptor,Prompt-to-song generation and rights/licensing risk,Global,High visibility AI platform,AI generation subscription,Private,Core AI music generation,5,5,5,TRUE,AI music generation platform that changes how non-musicians create complete songs.,"May shift the meaning of music participation, motivation, and creation for casual users.",Needs funding + legal + usage source,Low,FALSE,Internal relationship status not yet captured in this dataset. To be completed by Yousician.,suno_about | suno_product | suno_app_store | riaa_suno_udio,https://suno.com/about | https://suno.com/ | https://apps.apple.com/us/app/suno-ai-songs-music/id6480136315 | https://www.riaa.com/record-companies-bring-landmark-cases-for-responsible-ai-againstsuno-and-udio-in-boston-and-new-york-federal-courts-respectively/,"Licensing status by label | Consumer adoption, retention, and paid conversion",2026-06-11,Yousician owner TBD
udio,Udio,Company / product,AI companies and AI initiatives,AI music & audio technology,Disruption layer,AI creation disruptor,Prompt-based music generation and licensing transition,Global,High visibility AI platform,AI generation subscription,Private,Core AI music generation,4,5,5,TRUE,AI music generation platform for prompt-based song creation.,"Important to understand whether AI creation competes with, complements, or expands music learning.",Needs funding + legal + usage source,Low,FALSE,Internal relationship status not yet captured in this dataset. To be completed by Yousician.,udio_official | udio_app_store | riaa_suno_udio | udio_umg_deal,https://www.udio.com/ | https://apps.apple.com/us/app/udio-ai-music-maker-studio/id6511211165 | https://www.riaa.com/record-companies-bring-landmark-cases-for-responsible-ai-againstsuno-and-udio-in-boston-and-new-york-federal-courts-respectively/ | https://www.universalmusic.com/universal-music-group-and-udio-announce-udios-first-strategic-agreements-for-new-licensed-ai-music-creation-platform/,Status of licensed product launch | Impact on broader AI music legitimacy,2026-06-11,Yousician owner TBD
moises,Moises,Company / product,AI companies and AI initiatives,AI music & audio technology,Disruption layer,AI practice utility,"Stem separation, smart practice, and musician audio tools",Global,Large musician utility,"Freemium, subscription",Private,"Audio separation, practice tools, smart music utilities",5,4,5,TRUE,AI-powered music practice and audio utility used by musicians and learners.,Strong example of AI improving practice workflows without replacing instrument learning.,Needs app + company source,Medium,FALSE,Internal relationship status not yet captured in this dataset. To be completed by Yousician.,moises_official | moises_app_store | moises_google_play | moises_musicfirst,https://moises.ai/ | https://apps.apple.com/us/app/moises-the-musicians-app/id1515796612 | https://play.google.com/store/apps/details?hl=en_US&id=ai.moises | https://www.musicfirst.com/software/moises,App growth trend | Partnership and education revenue relevance,2026-06-11,Yousician owner TBD
duolingo,Duolingo,Company / product,"Teachers, schools and music education organizations / wider education",Education & pedagogy benchmarks,Learning model layer,Consumer learning benchmark,"Habit, gamification, AI tutoring, and subscription education",Global,Very large public consumer education app,"Freemium, subscription, ads",Public company,"AI personalization, tutoring, and content systems research target",4,4,4,TRUE,"Consumer learning benchmark for habit formation, gamification, and subscription education.","Not music-specific, but highly relevant for learning loops, retention, brand, and AI in education.",Needs public filings + product source,Low,FALSE,Internal relationship status not yet captured in this dataset. To be completed by Yousician.,duolingo_ir | duolingo_q1_2025_sec | duolingo_2025_10k,https://investors.duolingo.com/investor-relations | https://www.sec.gov/Archives/edgar/data/1562088/000156208825000098/q1fy25duolingo3-31x25share.htm | https://investors.duolingo.com/static-files/f19d76fb-dee4-4f13-96ae-138ebfd0f2d3,"Transferability of language-learning loops to music practice | Music course relevance, if any",2026-06-11,Yousician owner TBD
kahoot,Kahoot,Institution,"Teachers, schools and music education organizations / wider education",Education & pedagogy benchmarks,Learning model layer,Classroom engagement benchmark,"Game-based learning, schools, content generation, and teacher channels",Global,Large education platform,"SaaS, consumer, education",Private; investor consortium led by Goldman Sachs Asset Management,Research content generation and classroom AI,4,3,3,TRUE,Game-based learning platform with broad teacher and classroom reach.,"Useful benchmark for game based learning engagement, classroom channels, education buyers, and AI assisted content creation.",Official product and AI sources linked; ownership and market relevance should be cited before board use,Low,FALSE,Internal relationship status not yet captured in this dataset. To be completed by Yousician.,kahoot_home | kahoot_ai_press | kahoot_ai_support | kahoot_ai_tools | kahoot_trust_ai,https://kahoot.com/ | https://kahoot.com/press/2025/09/22/new-ai-powered-study-tools-back-to-school/ | https://support.kahoot.com/hc/en-us/articles/17152945038355-How-to-use-Kahoot-AI-tools | https://kahoot.com/ai-tools/ | https://trust.kahoot.com/ai-powered-features-in-kahoot/,School distribution depth by market | Learning platform AI adoption | Relevance transfer to music learning,2026-06-11,Yousician owner TBD
brilliant,Brilliant,Company / product,"Teachers, schools and music education organizations / wider education",Education & pedagogy benchmarks,Learning model layer,Interactive learning benchmark,"Active problem-solving, serious learning, and AI tutoring",Global,Large niche education app,Subscription,Private,Research adaptive learning and AI tutoring signals,3,3,3,FALSE,Interactive learning platform known for active problem-solving formats.,"Relevant benchmark for serious-but-accessible learning, habit, and subscription depth.",Public company/product source linked; needs performance validation,Low,FALSE,Internal relationship status not yet captured in this dataset. To be completed by Yousician.,brilliant_home | brilliant_google_play,https://brilliant.org/ | https://play.google.com/store/apps/details?hl=en_US&id=org.brilliant.android,Habit mechanics that transfer to music | Depth vs casual learner fit,2026-06-11,Yousician owner TBD
marty-music,Marty Music,Individual / creator,Music hobby software ecosystem,Song & practice ecosystems,Core habit layer,Creator-led practice influence,"YouTube guitar lessons, trust, songs, and beginner funnel",Global,Large YouTube audience,"Free content, courses, sponsorships",Independent,Research creator tooling and content workflows,4,3,1,FALSE,Creator-led guitar learning presence with broad beginner reach.,"Creators shape trust, song choice, and the early learner funnel.",Public web/creator sources linked; needs audience data,Low,FALSE,Internal relationship status not yet captured in this dataset. To be completed by Yousician.,marty_music_site | research_market_cross_product,https://www.martymusic.com/ | https://yousician.atlassian.net/wiki/spaces/Research/pages/6041960456,Audience scale | Partnership fit and content overlap,2026-06-11,Yousician owner TBD
berklee-online,Berklee Online,Institution,"Teachers, schools and music education organizations / wider education",Education & pedagogy benchmarks,Learning model layer,Formal music education benchmark,"Online courses, certificates, degrees, and institutional credibility",Global,Large institutional music education brand,"Courses, certificates, degrees",Berklee College of Music,"Research AI in curriculum, practice support, and online education delivery",3,3,2,FALSE,Institutional online music education platform connected to a globally known music school.,"Represents the formal education end of the ecosystem and shapes credibility, curriculum, and learner aspirations.",Public institution/program sources linked; needs adoption data,Low,FALSE,Internal relationship status not yet captured in this dataset. To be completed by Yousician.,berklee_online | berklee_courses,https://online.berklee.edu/ | https://online.berklee.edu/certificates,Consumer beginner relevance | Partnership or credibility role,2026-06-11,Yousician owner TBD
mtna,MTNA,Institution,"Teachers, schools and music education organizations / wider education",Education & pedagogy benchmarks,Learning model layer,Teacher network,"Private teacher trust, professional development, and certification",US,Large teacher network,"Membership, events, certification",Nonprofit association,"Research teacher tooling, certification, and AI adoption signals",3,2,1,FALSE,Music Teachers National Association represents private and studio music teachers.,"Teacher networks influence how learners are guided, what tools are trusted, and how digital learning is perceived.",Public association source linked; needs adoption data,Low,FALSE,Internal relationship status not yet captured in this dataset. To be completed by Yousician.,mtna_home | mtna_membership,https://www.mtna.org/index.html | https://www.mtna.org/Membership.html,Digital-learning adoption among members | Potential teacher-trust implications,2026-06-11,Yousician owner TBD
rsi,Rousseau,Individual / creator,Music hobby software ecosystem,Song & practice ecosystems,Core habit layer,Cultural practice influence,Aspirational piano performance content and digital-native motivation,Global,Large YouTube audience,"Content, sponsorship, platform influence",Independent,Research AI visual performance and content tooling relevance,3,2,1,FALSE,Highly visible piano performance content brand.,"Cultural driver for piano aspiration, especially among digital-native hobbyists.",Creator/audience source linked; needs audience validation,Low,FALSE,Internal relationship status not yet captured in this dataset. To be completed by Yousician.,rousseau_youtube,https://www.youtube.com/@Rousseau,Audience scale | Current content cadence | Relevance beyond piano aspiration,2026-06-11,Yousician owner TBD
apple-garageband,GarageBand,Company / product,Music hobby software ecosystem,Creation & production tools,Hobby expansion,Accessible creation app,Beginner-friendly creation inside the Apple ecosystem,Global,Preinstalled / broad Apple reach,Ecosystem software,Apple,Research Apple music AI and creator tooling direction,4,3,2,FALSE,Accessible music creation product in the Apple ecosystem.,Makes music creation available before many users think of formal learning.,Public Apple product source linked; needs usage validation,Low,FALSE,Internal relationship status not yet captured in this dataset. To be completed by Yousician.,apple_garageband | garageband_app_store,https://www.apple.com/ios/garageband/ | https://apps.apple.com/us/app/garageband/id408709785,Learning-to-creation journey overlap | Current AI/creator-tool direction from Apple,2026-06-11,Yousician owner TBD
accel,Accel,Strategic signal,"Investors, media, awards, funding and cultural drivers","Capital, media & opportunity signals",Strategic signal layer,Capital signal,"VC and growth-investor signal for consumer, AI, and marketplaces",Global,Major venture firm,Venture capital,Private partnership,"Investor signal in consumer, SaaS, AI, and marketplaces",3,3,3,FALSE,Large venture firm relevant as a capital and market-signal node.,"Investor behavior helps reveal where capital expects learning, consumer subscriptions, and AI to move.",Public portfolio/source linked; needs monitoring setup,Low,FALSE,Internal relationship status not yet captured in this dataset. To be completed by Yousician.,accel_home | accel_atoms,https://www.accel.com/ | https://atoms.accel.com/portfolio,Music/education/AI investment theses | Relevant portfolio companies,2026-06-11,Yousician owner TBD
techcrunch,TechCrunch,Monitoring signal,"Investors, media, awards, funding and cultural drivers","Capital, media & opportunity signals",Strategic signal layer,News signal source,"Startup, funding, product launch, AI, and M&A monitoring",Global,Large tech media outlet,Media,To verify,"News signal for AI, funding, product launches",2,3,2,FALSE,Technology media source for funding and startup momentum signals.,"Useful for tracking last-24-month moves in AI, apps, funding, and acquisitions.",Public monitoring source linked; needs feed setup,Low,FALSE,Internal relationship status not yet captured in this dataset. To be completed by Yousician.,techcrunch_home,https://techcrunch.com/,Automated query setup | Signal quality vs noise,2026-06-11,Yousician owner TBD
bett-awards,BETT Awards,Monitoring signal,"Investors, media, awards, funding and cultural drivers","Capital, media & opportunity signals",Strategic signal layer,Recognition signal,Education technology awards and credibility opportunities,International,Education industry signal,Awards and recognition,To verify,Award categories may signal education AI positioning,2,2,2,FALSE,Education awards example for credibility and category mapping.,Awards can reveal positioning opportunities and credibility markers for learning products.,Public award source linked; needs criteria review,Low,FALSE,Internal relationship status not yet captured in this dataset. To be completed by Yousician.,bett_awards | bett_categories,https://uk.bettshow.com/awards | https://bettawards.com/categories/,Fit for Yousician/GuitarTuna positioning | Submission timing and category relevance,2026-06-11,Yousician owner TBD
creative-europe,Creative Europe,Monitoring signal,"Investors, media, awards, funding and cultural drivers","Capital, media & opportunity signals",Strategic signal layer,Public funding signal,"Cultural, creative-sector, digital, and education funding opportunities",Europe,European cultural and creative sectors,Grants and public funding,European Union programme,"Research calls that connect culture, education, digital tools, and innovation",2,2,1,FALSE,"Public funding example for culture, education, and creative-sector initiatives.","Funding programmes can shape non-dilutive opportunities, partnerships, credibility, and strategic projects around music education.",Public funding source linked; needs eligibility review,Low,FALSE,Internal relationship status not yet captured in this dataset. To be completed by Yousician.,creative_europe_programme | creative_europe_calls,https://commission.europa.eu/funding-and-tenders/find-funding/eu-funding-programmes/creative-europe_en | https://culture.ec.europa.eu/funding/calls,Eligibility of music-learning/digital projects | Consortium requirements and timing,2026-06-11,Yousician owner TBD
guitar-tricks,Guitar Tricks,Company / product,Music learning apps and platforms,Learning apps & curricula,Core market,Structured guitar learning platform,"Large guitar lesson library, song tutorials, and guided beginner path",Global / US,Large online guitar education platform,Subscription lessons and tools,Guitar Tricks Inc.,"Research personalization, practice planning, and lesson recommendation signals",4,3,2,TRUE,"Long-running online guitar lesson platform with structured courses, songs, and learning tools.","Important guitar-specific subscription benchmark for curriculum depth, song-led learning, and adult beginner messaging.",Public app/product sources linked; needs Appfigures + traffic data,Pending,TRUE,Internal relationship status not yet captured in this dataset. To be completed by Yousician.,guitar_tricks_official | guitar_tricks_google_play | guitar_tricks_app_store,https://www.guitartricks.com/ | https://play.google.com/store/apps/details?hl=en_US&id=com.guitartricks.gt | https://apps.apple.com/us/app/guitar-lessons-guitar-tricks/id931639254,Current traffic and app performance | Ownership/company structure confirmation | Subscription conversion benchmarks,2026-06-11,Yousician owner TBD
truefire,TrueFire,Company / product,Music learning apps and platforms,Learning apps & curricula,Core market,Advanced guitar learning library,Large interactive lesson library and artist-led courses,Global / US,Large guitar education library,Subscription and course marketplace,TrueFire Studios,"Research discovery, curriculum navigation, and adaptive practice opportunities",3,3,2,FALSE,Deep online guitar lesson library with interactive tools and specialist instructors.,"Relevant for depth, intermediate/advanced learners, teacher-led content, and long-tail guitar education.",Public product/app sources linked; needs traffic data,Low,TRUE,Internal relationship status not yet captured in this dataset. To be completed by Yousician.,truefire_official | truefire_app_store | truefire_google_play,https://truefire.com/online-guitar-lessons | https://apps.apple.com/us/app/truefire-guitar-lessons/id690143001 | https://play.google.com/store/apps/details?hl=en_US&id=com.truefire.android3,Traffic and app performance | Ownership/company structure | Teacher-marketplace economics,2026-06-11,Yousician owner TBD
pickup-music,Pickup Music,Company / product,Music learning apps and platforms,Learning apps & curricula,Core market,Structured guitar learning platform,"Modern guitar pathways, challenges, artist series, and instructor feedback",Global / US,Growing modern guitar platform,Subscription and community,"Pickup Music, Inc.","Research personalized feedback, pathway design, and practice accountability",4,4,2,TRUE,Modern guitar-learning platform built around structured pathways and contemporary player identity.,"Useful benchmark for higher-intent guitarists, modern aesthetics, community, and guided weekly practice.",Public product/app/company sources linked; needs traffic data,Medium,TRUE,Internal relationship status not yet captured in this dataset. To be completed by Yousician.,pickup_music_official | pickup_music_courses | pickup_music_app_store | pickup_music_pricing | pickup_music_linkedin,https://www.pickupmusic.com/ | https://www.pickupmusic.com/courses | https://apps.apple.com/us/app/pickup-music-guitar-bass/id6503952069 | https://www.pickupmusic.com/pricing | https://www.linkedin.com/company/pickup-music-inc,Traffic and app performance | Ownership/current company structure | Instructor feedback economics,2026-06-11,Yousician owner TBD
rocksmith-plus,Rocksmith+,Company / product,Music learning apps and platforms,Learning apps & curricula,Core market,Interactive song-learning service,"Real-instrument feedback for guitar, bass, and piano",Global,Major game-backed learning brand,Subscription learning service,Ubisoft,"Research note detection, adaptive difficulty, and song-based feedback mechanics",4,3,3,TRUE,"Interactive music-learning service built around real instruments, song catalog, and feedback.","Important benchmark for real-time feedback, licensed songs, game-like practice, and multi-instrument expansion.",Needs app data + catalog + subscription performance,Low,FALSE,Internal relationship status not yet captured in this dataset. To be completed by Yousician.,rocksmith_plus_ubisoft | rocksmith_plus_app_store,https://www.ubisoft.com/en-us/game/rocksmith/plus | https://apps.apple.com/au/app/rocksmith-fast-music-learning/id1571139807,Current song catalog strength | Subscription retention and platform split,2026-06-11,Yousician owner TBD
gibson-app,Gibson App,Company / product,Music learning apps and platforms,Learning apps & curricula,Core market,Brand-backed guitar learning app,"Guitar learning path, real-time feedback, tuner, chords, and tabs",Global / US,Brand-backed learning app,App subscription and hardware bundle,Gibson,Research real-time feedback and brand-led personalization,4,3,3,TRUE,Guitar-learning app connected to Gibson's hardware and brand ecosystem.,Shows how a major guitar brand can bundle learning with instrument purchase and beginner motivation.,Needs Appfigures + bundle performance,Pending,TRUE,Internal relationship status not yet captured in this dataset. To be completed by Yousician.,gibson_app_official | gibson_app_store | gibson_official,https://www.gibson.app/ | https://apps.apple.com/us/app/gibson-learn-to-play-guitar/id1116032929 | https://www.gibson.com/,App performance | Impact of guitar/amp purchase bundles,2026-06-11,Yousician owner TBD
piano-marvel,Piano Marvel,Company / product,Music learning apps and platforms,Learning apps & curricula,Core market,Piano learning software,"Piano reading, songs, lessons, and teacher/classroom use",Global / US,Niche but established piano education software,Subscription and school/studio use,To verify,"Research assessment, practice data, and classroom feedback opportunities",3,2,2,FALSE,Piano learning software used for individual learners and teacher-supported environments.,"Useful for piano-specific pedagogy, assessment, reading practice, and school/studio crossover.",Needs app + school channel validation,Low,FALSE,Internal relationship status not yet captured in this dataset. To be completed by Yousician.,piano_marvel_official | piano_marvel_app_store,https://pianomarvel.com/ | https://apps.apple.com/us/app/piano-marvel-lessons-music/id1016751878,School/studio penetration | Current app and subscription performance,2026-06-11,Yousician owner TBD
melodics,Melodics,Company / product,Music learning apps and platforms,Learning apps & curricula,Core market,Interactive instrument practice app,"Drums, keys, and pad-controller lessons with real-time feedback",Global,Niche but visible practice app,Subscription lessons,To verify,"Research timing feedback, adaptive practice, and gamified skills",3,3,3,FALSE,"Interactive learning app for drums, keys, and finger drumming with real-time feedback.",Broadens the map beyond guitar/piano and shows how feedback-led practice works for rhythm and production-adjacent skills.,Needs Appfigures + company source,Pending,TRUE,Internal relationship status not yet captured in this dataset. To be completed by Yousician.,melodics_official | melodics_app_store,https://melodics.com/ | https://apps.apple.com/us/app/melodics-drum-lessons-app/id6504540940,Instrument mix and retention | Fit with guitar-first Yousician strategy,2026-06-11,Yousician owner TBD
chordify,Chordify,Company / product,Music hobby software ecosystem,Song & practice ecosystems,Core habit layer,Song-chord practice utility,"Automatic chords, tuner, and play-along for guitar, piano, and ukulele",Global,Large chord utility,Freemium and subscription,Chordify B.V.,"Chord recognition, song parsing, and practice support",4,3,4,TRUE,Chord-recognition and play-along platform that turns songs into playable chord progressions.,Owns a high-intent moment between song discovery and self-guided practice.,Public app/support sources linked; needs traffic data,Low,TRUE,Internal relationship status not yet captured in this dataset. To be completed by Yousician.,chordify_official | chordify_google_play | chordify_app_store | chordify_support_apps,https://chordify.net/ | https://play.google.com/store/apps/details?hl=en_US&id=net.chordify.chordify | https://apps.apple.com/us/app/chordify-songs-chords-tuner/id1073624757 | https://support.chordify.net/hc/en-us/articles/360002273038-Chordify-Apps,Rights/copyright model | App performance and conversion | Ownership/current company structure,2026-06-11,Yousician owner TBD
soundslice,Soundslice,Company / product,Music hobby software ecosystem,Song & practice ecosystems,Core habit layer,Interactive notation and lesson platform,"Synced notation, video, transcription, teaching, and practice loops",Global / US,Specialist musician and teacher utility,"Freemium, teacher tools, and store",To verify,"Research transcription, notation, and adaptive practice opportunities",3,3,3,FALSE,"Interactive sheet music platform combining notation, video/audio sync, looping, and teaching workflows.","Important for serious practice, teachers, transcription, and the gap between video lessons and playable notation.",Needs traffic + teacher-channel validation,Low,TRUE,Internal relationship status not yet captured in this dataset. To be completed by Yousician.,soundslice_official | soundslice_teachers,https://www.soundslice.com/ | https://www.soundslice.com/teachers/,Teacher adoption scale | Transcription and AI roadmap,2026-06-11,Yousician owner TBD
guitar-pro,Guitar Pro,Company / product,Music hobby software ecosystem,Song & practice ecosystems,Core habit layer,Tab editor and practice software,"Tab reading, writing, playback, and mobile practice companion",Global,Established guitarist utility,Paid software and mobile app,Arobas Music,"Research AI tab creation, arrangement, and learning companion opportunities",4,3,2,FALSE,"Tablature reader/editor used by guitarists, teachers, transcribers, and musicians.","Sits at the intersection of tabs, practice, composition, and learning material creation.",Needs app + usage source,Low,FALSE,Internal relationship status not yet captured in this dataset. To be completed by Yousician.,guitar_pro_official | guitar_pro_google_play,https://www.guitar-pro.com/ | https://play.google.com/store/apps/details?hl=en_US&id=com.arobasmusic.guitarpro,Current mobile usage | AI tab creation and arrangement roadmap,2026-06-11,Yousician owner TBD
youtube-artists,YouTube,Company / product,Music hobby software ecosystem,Song & practice ecosystems,Core habit layer,Music discovery and creator platform,"Video lessons, music discovery, creator channels, Shorts, and artist tools",Global,Massive global platform,"Ads, subscription, creator monetization",Google / Alphabet,"Recommendation, Shorts discovery, creator tools, and AI content policy",5,5,4,TRUE,"Default open platform for free music learning, creator-led lessons, discovery, and artist careers.","A major substitute and funnel for self-guided learning; it shapes inspiration, discovery, and expectations of free content.",Needs internal funnel + YouTube trend monitoring,Low,FALSE,Internal relationship status not yet captured in this dataset. To be completed by Yousician.,youtube_artists | youtube_oac_support | research_market_cross_product,https://artists.youtube/ | https://artists.youtube/resources/ | https://yousician.atlassian.net/wiki/spaces/Research/pages/6041960456,Yousician search/funnel impact | Creator partnership opportunities | Short-form lesson behavior,2026-06-11,Yousician owner TBD
gibson,Gibson,Company / product,"Instrument brands, manufacturers and distributors",Hardware & retail channels,Acquisition layer,Hardware and brand ecosystem,"Guitars, brand aspiration, Gibson App bundles, and guitar culture",Global / US,Major guitar brand,"Hardware, content, and learning app bundle",Private,"Research connected learning, app feedback, and brand-led beginner journeys",4,3,2,TRUE,Iconic guitar brand with a direct learning app and hardware-led beginner entry points.,Hardware brands can capture learner intent before software choice and can bundle education into purchase moments.,Needs company + bundle performance source,Low,FALSE,Internal relationship status not yet captured in this dataset. To be completed by Yousician.,gibson_official | gibson_app_official,https://www.gibson.com/ | https://www.gibson.app/,Bundle conversion | Retail/channel strategy for beginners,2026-06-11,Yousician owner TBD
positive-grid,Positive Grid,Company / product,"Instrument brands, manufacturers and distributors",Hardware & retail channels,Acquisition layer,Smart amp and practice ecosystem,"Spark amps, app, tones, auto chords, backing tracks, and AI tone features",Global,Visible smart-amp ecosystem,"Hardware, app, software, and accessories",Private,"AI tone generation, chord detection, smart practice, and connected hardware",4,4,4,TRUE,"Smart guitar amp and app ecosystem connecting gear, tones, songs, and practice.",Shows how hardware can become an app-led practice surface and compete for daily guitar time.,Needs sales + app data + AI feature tracking,Low,FALSE,Internal relationship status not yet captured in this dataset. To be completed by Yousician.,positive_grid_official | positive_grid_spark_app,https://www.positivegrid.com/ | https://www.positivegrid.com/pages/spark-app,Spark unit sales | AI feature adoption | Practice engagement through the app,2026-06-11,Yousician owner TBD
reverb,Reverb,Channel / hardware,"Instrument brands, manufacturers and distributors",Hardware & retail channels,Acquisition layer,Music gear marketplace,"New, used, and vintage instrument marketplace",Global / US,Large music gear marketplace,Marketplace fees and seller tools,Creator Partners / Servco after Etsy sale closed in June 2025,"Research recommendations, pricing intelligence, and used-gear discovery",3,3,2,FALSE,"Marketplace for buying and selling instruments, pedals, synths, and music gear.","Influences gear affordability, second-hand entry points, and the broader instrument-purchase journey.",Official app and ownership-close sources linked; needs traffic + category data,Medium,TRUE,Internal relationship status not yet captured in this dataset. To be completed by Yousician.,reverb_official | reverb_featured_app | reverb_google_play | reverb_sale_news,https://reverb.com/ | https://reverb.com/featured/reverb-app | https://play.google.com/store/apps/details?hl=en_US&id=com.reverb.app | https://reverb.com/news/reverb-servco-creator-partners,Post-Etsy ownership strategy and operating changes | Beginner gear demand | Category and geography split,2026-06-11,Yousician owner TBD
guitar-center,Guitar Center,Channel / hardware,"Instrument brands, manufacturers and distributors",Hardware & retail channels,Acquisition layer,Retail and lessons channel,"US retail, private lessons, and beginner gear journey",US,Large US music retail chain,"Retail, services, lessons, and financing",Private,"Research local lesson funnel, recommendations, and beginner bundles",3,3,1,FALSE,"US music retailer offering instruments, services, and in-person music lessons.","Combines gear purchase, local instruction, financing, and beginner commitment moments.",Needs retail + lesson volume source,Low,FALSE,Internal relationship status not yet captured in this dataset. To be completed by Yousician.,guitar_center_lessons,https://www.guitarcenter.com/Services/Lessons/,Lesson volume and demographics | Referral or bundle potential,2026-06-11,Yousician owner TBD
boss,BOSS / Roland,Company / product,"Instrument brands, manufacturers and distributors",Hardware & retail channels,Acquisition layer,Guitar technology and effects ecosystem,"Pedals, amps, multi-effects, loop stations, and connected practice gear",Global / Japan,Major instrument technology brand,"Hardware, software, and accessories",Roland,"Research connected effects, smart amps, loopers, and app-led practice workflows",3,3,2,FALSE,Major guitar/bass effects and amp ecosystem under Roland.,"Important for how guitarists practice, shape sound, record, loop, and move toward creation.",Needs product roadmap + connected app source,Low,FALSE,Internal relationship status not yet captured in this dataset. To be completed by Yousician.,boss_official,https://www.boss.info/us/,Connected app roadmap | Beginner-friendly practice product strategy,2026-06-11,Yousician owner TBD
soundtrap,Soundtrap,Company / product,Music hobby software ecosystem,Creation & production tools,Hobby expansion,Browser-based collaborative studio,"Online recording, loops, instruments, collaboration, and education use",Global,Spotify-backed online studio,Freemium / subscription,Spotify,"Research browser creation, collaboration, and education workflows",4,3,3,FALSE,Online music studio for making and collaborating on music in the browser.,"Represents low-friction creation after or alongside learning, especially for schools and casual creators.",Public product/education sources linked; needs usage data,Low,TRUE,Internal relationship status not yet captured in this dataset. To be completed by Yousician.,soundtrap_official | soundtrap_education,https://www.soundtrap.com/musicmakers | https://schools.soundtrap.com/edu/,Education adoption | Spotify integration direction | AI feature roadmap,2026-06-11,Yousician owner TBD
fl-studio,FL Studio,Company / product,Music hobby software ecosystem,Creation & production tools,Hobby expansion,Accessible production platform,"DAW, mobile app, FL Cloud, web beta, and beginner-friendly production workflow",Global / Belgium,Major producer platform,"Paid software, cloud, and mobile",Image-Line,"Research browser DAW, AI-assisted production, and beginner creator onboarding",4,4,3,TRUE,Popular music production software known for fast beat-making and accessible creator workflows.,"Shapes the path from musical interest to beat-making, production, and creator identity.",Needs product + web beta monitoring,Low,FALSE,Internal relationship status not yet captured in this dataset. To be completed by Yousician.,fl_studio_official | fl_studio_web_news,https://www.image-line.com/ | https://www.musicradar.com/music-tech/daws/fl-studio-is-coming-to-your-browser-image-line-announces-fl-studio-web-in-bid-to-lower-the-barrier-to-entry-for-new-users,FL Studio Web adoption | Beginner creator onboarding and AI assistance,2026-06-11,Yousician owner TBD
soundcloud,SoundCloud,Company / product,Music hobby software ecosystem,Creation & production tools,Hobby expansion,Artist and audio community platform,"Music hosting, discovery, creator community, and artist tools",Global,Large artist/audio community,"Subscription, ads, artist services",Private,"Research AI content policy, creator tools, recommendation, and artist identity",3,3,3,FALSE,"Large online audio platform for artists, DJs, and audio creators to publish and discover music.",Important for the creator identity side of the hobby and for how learners become publishers.,Public company/app/artist sources linked; needs AI policy monitoring,Low,FALSE,Internal relationship status not yet captured in this dataset. To be completed by Yousician.,soundcloud_official | soundcloud_newsroom | soundcloud_for_artists_home | soundcloud_app_store,https://soundcloud.com/ | https://soundcloud.com/company/newsroom | https://soundcloud.com/getstarted/home | https://apps.apple.com/us/app/soundcloud-the-music-you-love/id336353151,Current AI-content policy | Creator tool direction | Distribution strategy and artist economics,2026-06-11,Yousician owner TBD
distrokid,DistroKid,Company / product,Music hobby software ecosystem,Creation & production tools,Hobby expansion,Music distribution service,"Distribution to streaming platforms, artist tools, and creator monetization",Global / US,Large independent-artist distribution service,Annual subscription and add-on services,Private,"Research AI music distribution policies, metadata, and artist authenticity",3,4,3,FALSE,Music distribution service for independent artists to release songs to streaming platforms.,"Marks the next step after creation: distribution, artist identity, analytics, and monetization.",Public distribution/app sources linked; needs artist-count + policy monitoring,Low,TRUE,Internal relationship status not yet captured in this dataset. To be completed by Yousician.,distrokid_official | distrokid_google_play | distrokid_app | distrokid_app_store,https://distrokid.com/ | https://play.google.com/store/apps/details?hl=en_US&id=com.distrokid.dk | https://distrokid.com/app/ | https://apps.apple.com/us/app/distrokid/id1548832265,AI music distribution policy | Artist count and retention | Creator-service attach rate,2026-06-11,Yousician owner TBD
landr,LANDR,Company / product,Music hobby software ecosystem,Creation & production tools,Hobby expansion,AI mastering and creator services,"AI mastering, distribution, plugins, samples, courses, and collaboration",Global / Canada,Broad creator services platform,Subscription and services,Private,"AI mastering, stem separation, and AI-content distribution policy",4,4,4,FALSE,"Creator services platform spanning AI mastering, distribution, samples, plugins, and music courses.","Shows the bundled creator-services direction around AI, release workflows, and education.",Needs usage + distribution policy tracking,Low,FALSE,Internal relationship status not yet captured in this dataset. To be completed by Yousician.,landr_official | landr_mastering,https://www.landr.com/ | https://www.landr.com/online-audio-mastering,Distribution policy for AI-assisted content | Creator services attach rate,2026-06-11,Yousician owner TBD
native-instruments,Native Instruments,Company / product,Music hobby software ecosystem,Creation & production tools,Hobby expansion,Production software and hardware ecosystem,"Kontakt, Komplete, Maschine, Traktor, instruments, effects, and DJ tools",Global / Germany,Major producer technology brand,"Software, hardware, subscriptions, and bundles",Definitive agreement for inMusic to acquire Native Instruments announced May 2026; closing/status should be monitored,"Research production assistance, sound discovery, and the inMusic/Native Instruments integration roadmap",3,4,3,FALSE,"Music production software/hardware ecosystem for producers, sound designers, DJs, and musicians.","Influences the creator tooling stack once learners move into production, sound design, and performance.",Official company plus acquisition-announcement sources linked; closing/status and roadmap need monitoring,Medium,FALSE,Internal relationship status not yet captured in this dataset. To be completed by Yousician.,native_instruments_official | native_instruments_acquisition_news,https://www.native-instruments.com/en/ | https://www.inmusicbrands.com/press/inmusic-native/,Deal close / final ownership status after the May 2026 agreement | Effect on beginner/accessible production strategy,2026-06-11,Yousician owner TBD
bandcamp,Bandcamp,Channel / hardware,Music hobby software ecosystem,Creation & production tools,Hobby expansion,Direct-to-fan music marketplace,"Artist store, fan community, discovery, merch, and human-artist positioning",Global,Large independent music community,Marketplace and artist services,Songtradr,AI-content policy and human-authenticity positioning,3,4,3,FALSE,Direct-to-fan marketplace and music community for artists and labels.,Represents a human-artist and fan-support model that contrasts with streaming and AI-generated content.,Needs ownership + AI policy monitoring,Low,FALSE,Internal relationship status not yet captured in this dataset. To be completed by Yousician.,bandcamp_artists | bandcamp_ai_policy_news,https://bandcamp.com/artists | https://pitchfork.com/news/bandcamp-announces-ban-on-ai-music,Policy enforcement details | Relevance to learning creators and teacher-musicians,2026-06-11,Yousician owner TBD
lalal-ai,LALAL.AI,Company / product,AI companies and AI initiatives,AI music & audio technology,Disruption layer,AI stem separation utility,"Vocal remover, instrumental isolation, and multi-stem extraction",Global,Visible AI audio utility,Credit/subscription AI audio service,To verify,Core AI stem separation and audio extraction,4,4,5,FALSE,AI audio separation tool for removing vocals and extracting stems.,"Directly affects practice, karaoke, remixing, transcription, and learner-created backing tracks.",Needs usage + app + DAW plugin monitoring,Low,FALSE,Internal relationship status not yet captured in this dataset. To be completed by Yousician.,lalal_ai_official | lalal_ai_google_play,https://www.lalal.ai/ | https://play.google.com/store/apps/details?hl=en_US&id=com.omnisale.lalal.ai,User scale | DAW plugin adoption | Fit with practice/backing-track workflows,2026-06-11,Yousician owner TBD
aiva,AIVA,Company / product,AI companies and AI initiatives,AI music & audio technology,Disruption layer,AI composition platform,"AI music generation, style models, editing, and licensing",Global / Europe,Established AI music generator,Freemium and subscription,To verify,Core AI music generation,3,3,5,FALSE,AI music generation assistant for creating songs across styles.,"Useful older reference for AI composition, licensing positioning, and professional/creator workflows.",Public product/download sources linked; needs usage + licensing validation,Low,TRUE,Internal relationship status not yet captured in this dataset. To be completed by Yousician.,aiva_official | aiva_download,https://www.aiva.ai/ | https://www.aiva.ai/download,Current creator adoption | Licensing confidence vs newer AI music players | Desktop vs browser workflow relevance,2026-06-11,Yousician owner TBD
elevenlabs-music,ElevenLabs Music,Company / product,AI companies and AI initiatives,AI music & audio technology,Disruption layer,AI music and audio platform,"Text-to-music, vocals, lyrics, instrumentals, and broader AI audio platform",Global / UK-US,High-profile AI audio company,AI platform and enterprise/API services,Private,Core AI music and audio generation,4,5,5,TRUE,AI audio platform expanding into full music generation from natural language prompts.,"Important because major AI audio platforms may enter music creation, rights, and creator tooling at scale.",Needs licensing + adoption + policy monitoring,Low,FALSE,Internal relationship status not yet captured in this dataset. To be completed by Yousician.,elevenlabs_music | eleven_music_blog | eleven_music_docs,https://elevenlabs.io/music | https://elevenlabs.io/blog/eleven-music-is-here | https://elevenlabs.io/docs/overview/capabilities/music,Licensing posture | Artist and label partnerships | Impact on casual music creation,2026-06-11,Yousician owner TBD
tonebase,tonebase,Company / product,"Teachers, schools and music education organizations / wider education",Education & pedagogy benchmarks,Learning model layer,High-skill music education platform,"Classical guitar, piano, voice, strings, winds, brass, and expert courses",Global / US,Specialist premium music education platform,Subscription courses and live learning,To verify,"Research expert feedback, practice planning, and premium pedagogy",3,3,2,FALSE,Online classical music lesson platform featuring award-winning musicians and teachers.,"Represents premium, high-skill instruction and aspirational music education beyond casual beginner apps.",Public product/instrument sources linked; needs growth + retention data,Low,TRUE,Internal relationship status not yet captured in this dataset. To be completed by Yousician.,tonebase_official | tonebase_piano,https://www.tonebase.co/ | https://www.tonebase.co/piano,Subscriber scale | Casual vs serious learner fit | Instrument expansion and live workshops,2026-06-11,Yousician owner TBD
artistworks,ArtistWorks,Individual / creator,"Teachers, schools and music education organizations / wider education",Education & pedagogy benchmarks,Learning model layer,Teacher-led online music school,"Online music schools, video exchange, and pro artist instruction",Global / US,Established online music education platform,Subscription lessons and personalized instruction,To verify,"Research personalized feedback, teacher workflows, and async instruction",3,2,2,FALSE,Online music lesson platform with professional artists and personalized instruction.,"Useful benchmark for teacher feedback, asynchronous mentorship, and instrument-specific course schools.",Public product sources linked; needs traffic data,Low,TRUE,Internal relationship status not yet captured in this dataset. To be completed by Yousician.,artistworks_official | artistworks_lapl,https://artistworks.com/ | https://www.lapl.org/artist-works,Video-exchange model details | Library/channel adoption | Current category traction,2026-06-11,Yousician owner TBD
spotify-artists,Spotify for Artists,Monitoring signal,"Investors, media, awards, funding and cultural drivers","Capital, media & opportunity signals",Strategic signal layer,Artist analytics and promotion platform,"Artist profile, audience analytics, promotion, merch, and streaming context",Global,Major global music platform,Streaming ecosystem and artist tools,Spotify,"Artist authenticity, AI music policy, recommendations, and creator tools",4,5,4,TRUE,"Artist-facing platform for managing Spotify presence, audience insights, promotion, and artist business tools.","Important for how hobbyists understand music success, release goals, artist identity, and AI-authenticity debates.",Needs music policy + creator tools monitoring,Low,FALSE,Internal relationship status not yet captured in this dataset. To be completed by Yousician.,spotify_artists | spotify_artists_app_store | spotify_artists_support | spotify_campaign_kit,https://artists.spotify.com/en/home | https://apps.apple.com/us/app/spotify-for-artists/id1222021797 | https://support.spotify.com/us/article/spotify-for-artists/ | https://artists.spotify.com/en/campaign-kit,AI artist verification policy | Signals for learner-to-artist aspiration | Which campaign tools change hobbyist release goals,2026-06-11,Yousician owner TBD
tiktok-artists,TikTok for Artists,Strategic signal,"Investors, media, awards, funding and cultural drivers","Capital, media & opportunity signals",Strategic signal layer,Music discovery and artist insights platform,"Music insights, fan engagement, promotion, and short-form discovery",Global,Massive short-form discovery platform,Platform ecosystem and artist tools,ByteDance,"Recommendation, trend detection, creator tools, and AI content policy",4,5,4,TRUE,Artist insight platform tied to TikTok's music discovery and fan engagement surface.,"TikTok can shape song discovery, cultural momentum, and what learners want to play.",Needs trend monitoring + music partnership source,Low,FALSE,Internal relationship status not yet captured in this dataset. To be completed by Yousician.,tiktok_artists | tiktok_artists_launch,https://artists.tiktok.com/ | https://artists.tiktok.com/help-center/artist-certification,Song trend spillover into what learners want to play | Data access and monitoring setup,2026-06-11,Yousician owner TBD
patreon,Patreon,Strategic signal,"Investors, media, awards, funding and cultural drivers","Capital, media & opportunity signals",Strategic signal layer,Creator membership platform,"Musician memberships, direct fan monetization, digital shops, and community",Global / US,Large creator platform,Membership and digital commerce,Private,"Research creator monetization, fan community, and direct-to-fan learning/content businesses",3,3,2,FALSE,"Creator platform where musicians and educators can monetize memberships, exclusive work, and community.","Relevant for creator-teachers, course communities, fan monetization, and alternatives to ad-driven platforms.",Needs musician category + creator economics source,Low,FALSE,Internal relationship status not yet captured in this dataset. To be completed by Yousician.,patreon_musicians,https://www.patreon.com/creators/music,Creator-teacher prevalence | Relevance to Yousician partnerships or influencer strategy,2026-06-11,Yousician owner TBD
musora,Musora,Company / product,Music learning apps and platforms,Learning apps & curricula,Core market,Multi-instrument lesson ecosystem,"Drumeo, Pianote, Guitareo, Singeo, community, and app-based lessons",Global / Canada,Large online music lesson ecosystem,"Subscription lessons, memberships, and community",Private,"Research practice feedback, lesson recommendation, and cross-instrument learning paths",4,4,2,TRUE,"Umbrella music education platform spanning drums, piano, guitar, singing, lessons, and community.",Adds an important multi-instrument subscription benchmark beyond single-instrument apps.,Needs app data + subscriber / traffic validation,Low,TRUE,Internal relationship status not yet captured in this dataset. To be completed by Yousician.,musora_official | musora_app_store,https://www.musora.com/ | https://apps.apple.com/us/app/musora-the-music-lessons-app/id1460388277,"Subscriber/app scale by instrument | Overlap with Yousician guitar, piano, and beginner segments | Community and teacher-led retention mechanics",2026-06-11,Yousician owner TBD
fretello,Fretello,Company / product,Music learning apps and platforms,Learning apps & curricula,Core market,Guitar learning app,"Structured guitar lessons, personalized practice plans, and app-based feedback",Global / Europe,Specialist guitar app,Subscription learning app,Fretello GmbH,"Research personalization, adaptive plans, and feedback patterns",4,3,3,TRUE,Mobile guitar learning app focused on structured plans and guided practice.,"Directly relevant for guitar onboarding, lesson pacing, personalization, and app-store positioning.",Public product/app sources linked; needs Appfigures,Pending,TRUE,Internal relationship status not yet captured in this dataset. To be completed by Yousician.,fretello_official | fretello_google_play | fretello_home,https://fretello.com/app/ | https://play.google.com/store/apps/details?hl=en_US&id=com.fretello.lead | https://www.fretello.com/,Current Appfigures performance | Ownership and partnership status | Differentiation vs Yousician,2026-06-11,Yousician owner TBD
playground-sessions,Playground Sessions,Company / product,Music learning apps and platforms,Learning apps & curricula,Core market,Piano learning app,"Interactive piano lessons, songs, gamified progress, and app-led practice",Global / US,Established piano learning platform,Subscription and lifetime plans,To verify,"Research song-led feedback, lesson recommendation, and practice analytics",4,3,2,FALSE,"Piano learning platform built around interactive lessons, songs, and progress feedback.","Adds a piano-specific competitor benchmark for catalog, feedback, pricing, and motivation mechanics.",Needs Appfigures + traffic source,Pending,TRUE,Internal relationship status not yet captured in this dataset. To be completed by Yousician.,playground_sessions_official | playground_sessions_google_play,https://www.playgroundsessions.com/ | https://play.google.com/store/apps/details?hl=en_US&id=com.playgroundsessions,Current app performance | Pricing and conversion benchmarks | Catalog and teacher/celebrity marketing impact,2026-06-11,Yousician owner TBD
tomplay,Tomplay,Company / product,Music hobby software ecosystem,Song & practice ecosystems,Core habit layer,Interactive sheet music app,"Interactive sheet music, backing tracks, tempo control, and multi-instrument practice",Global / Europe,Large specialist sheet-music app,Subscription and sheet music access,To verify,"Research accompaniment, practice analytics, and score-to-practice workflows",4,3,2,FALSE,Interactive sheet music platform with synchronized backing tracks and practice controls.,"Captures a serious-practice segment between traditional sheet music, backing tracks, and guided learning.",Needs app data + catalog / rights validation,Low,TRUE,Internal relationship status not yet captured in this dataset. To be completed by Yousician.,tomplay_official | tomplay_google_play,https://tomplay.com/ | https://play.google.com/store/apps/details?hl=en_US&id=com.tombooks.tomplay,Catalog depth and licensing model | Teacher/school adoption | App performance and paid conversion,2026-06-11,Yousician owner TBD
chord-ai,Chord ai,Company / product,Music hobby software ecosystem,Song & practice ecosystems,Core habit layer,AI chord recognition app,"AI chord detection, beat tracking, song analysis, and play-any-song workflow",Global,Visible AI practice utility,Freemium and subscription app,Nomad AI,Core AI chord recognition and song parsing,4,4,5,TRUE,Mobile app that detects chords and song structure from audio to support self-guided playing.,Important because it moves AI directly into the song-to-practice moment that GuitarTuna/Yousician users care about.,Public product/company/app sources linked; needs Appfigures + accuracy validation,Pending,TRUE,Internal relationship status not yet captured in this dataset. To be completed by Yousician.,chord_ai_app_store | chord_ai_google_play | chord_ai_nomad | chord_ai_site,https://apps.apple.com/us/app/chord-ai-play-any-song/id1446177109 | https://play.google.com/store/apps/details?hl=en_US&id=com.chordai | https://www.nomadai.org/chord-ai | https://chordai.net/,Accuracy and retention | Revenue and ranking trend | Overlap with GuitarTuna chord/tuner workflows,2026-06-11,Yousician owner TBD
musicca,Musicca,Company / product,"Teachers, schools and music education organizations / wider education",Education & pedagogy benchmarks,Learning model layer,Free music theory and practice site,"Music theory, exercises, tools, piano keyboard, and beginner references",Global,Large free web learning surface,Free learning tools,To verify,"Research lightweight tutoring, exercises, and web-based learning tools",3,2,1,FALSE,"Free music theory, exercise, and music-tool website used for self-guided learning.","Useful benchmark for free utility, SEO discovery, theory learning, and low-friction education.",Public product/exercise sources linked; needs traffic + audience validation,Low,TRUE,Internal relationship status not yet captured in this dataset. To be completed by Yousician.,musicca_official | musicca_exercises,https://www.musicca.com/ | https://www.musicca.com/exercises,Traffic and SEO scale | Conversion from theory tools to instrument practice | Fit as benchmark or partner surface,2026-06-11,Yousician owner TBD
abrsm,ABRSM,Company / product,"Teachers, schools and music education organizations / wider education",Education & pedagogy benchmarks,Learning model layer,Music exam and assessment authority,"Music exams, graded assessments, practice tools, and curriculum credibility",Global / UK,Global music examination board,"Exams, books, apps, and learning resources",Charity / exam board,"Research assessment, practice support, and digital exam preparation",4,3,2,FALSE,Major international music exam board shaping formal learning goals and progression standards.,"Important for credibility, curriculum mapping, parent/teacher trust, and serious learner progression.",Needs regional uptake and digital tool validation,Low,FALSE,Internal relationship status not yet captured in this dataset. To be completed by Yousician.,abrsm_official | abrsm_apps,https://www.abrsm.org/ | https://www.abrsm.org/en-gb/for-learners/apps-and-practice-tools,Regional relevance for Yousician priority markets | Digital tool adoption | Teacher and parent influence on learning choices,2026-06-11,Yousician owner TBD
rcm,Royal Conservatory of Music,Company / product,"Teachers, schools and music education organizations / wider education",Education & pedagogy benchmarks,Learning model layer,Music curriculum and digital learning ecosystem,"Curriculum, certificates, exams, digital learning, and teacher-supported progression",Canada / North America,Large formal music education brand,"Exams, curriculum, publishing, and digital learning",Nonprofit institution,"Research digital curriculum, assessment, and teacher-supported practice",3,3,2,FALSE,"Formal music education institution with curriculum, assessments, and digital-learning resources.","Adds North American formal-learning context and a trust benchmark for parents, teachers, and serious learners.",Public learning/digital sources linked; needs teacher-channel validation,Low,FALSE,Internal relationship status not yet captured in this dataset. To be completed by Yousician.,rcm_digital_learning | rcm_learning,https://www.rcmusic.com/learning/digital-learning | https://www.rcmusic.com/learning,Digital product traction | North American teacher/student adoption | Potential curriculum-alignment relevance,2026-06-11,Yousician owner TBD
school-of-rock,School of Rock,Institution,"Teachers, schools and music education organizations / wider education",Education & pedagogy benchmarks,Learning model layer,Offline music lesson franchise,"In-person lessons, performance-based learning, camps, and local music schools",Global / US,Large franchise learning network,"Local schools, lessons, camps, and performance programs",Private,"Research hybrid lesson tooling, local teacher workflows, and digital practice support",4,3,1,FALSE,"Performance-based music school franchise combining lessons, local community, and stage goals.","Represents the offline competitor/partner world that still owns trust, accountability, and parent decisions.",Public app sources linked; needs location count + manual site check,Low,FALSE,Internal relationship status not yet captured in this dataset. To be completed by Yousician.,school_of_rock_lessons | school_of_rock_google_play | school_of_rock_app_store,https://www.schoolofrock.com/music-lessons | https://play.google.com/store/apps/details?hl=en_US&id=com.schoolofrock.mobile | https://apps.apple.com/us/app/school-of-rock-method/id1462043424,Current school/location count | Student reach and demographics | Hybrid/digital learning tool relevance,2026-06-11,Yousician owner TBD
flat-io,Flat for Education,Company / product,"Teachers, schools and music education organizations / wider education",Education & pedagogy benchmarks,Learning model layer,Collaborative notation platform,"Classroom notation, assignments, composition, and collaborative music education",Global,Teacher and school-facing platform,Education SaaS and freemium notation,To verify,"Research classroom workflows, composition assistance, and teacher tooling",3,3,2,FALSE,Cloud notation and classroom platform for music teachers and students.,"Shows where music education moves into collaborative SaaS, assignments, and teacher-managed practice.",Public product/education sources linked; needs school penetration data,Low,FALSE,Internal relationship status not yet captured in this dataset. To be completed by Yousician.,flat_io_education | flat_io_official,https://flat.io/edu | https://flat.io/,School penetration | AI/composition roadmap | Overlap with notation/practice platforms,2026-06-11,Yousician owner TBD
noteflight,Noteflight,Company / product,"Teachers, schools and music education organizations / wider education",Education & pedagogy benchmarks,Learning model layer,Online notation and education platform,"Online notation, composition, classroom tools, and teaching resources",Global / US,Established notation education platform,"Freemium, premium, and education plans",To verify,Research composition assistance and teacher workflow opportunities,3,2,2,FALSE,"Online notation platform used by students, teachers, composers, and classrooms.",Adds another education-facing notation benchmark between individual practice and formal classroom learning.,Needs traffic and ownership source,Low,TRUE,Internal relationship status not yet captured in this dataset. To be completed by Yousician.,noteflight_learn | noteflight_official,https://www.noteflight.com/learn | https://www.noteflight.com/,Ownership and traffic | Classroom adoption scale | AI composition or teacher workflow roadmap,2026-06-11,Yousician owner TBD
donner,Donner,Company / product,"Instrument brands, manufacturers and distributors",Hardware & retail channels,Acquisition layer,Accessible instrument and connected gear brand,"Affordable guitars, keyboards, drums, apps, beginner bundles, and creator gear",Global / China-US,Visible affordable gear brand,DTC/ecommerce hardware and app ecosystem,Private,"Research connected hardware, app-led learning, and beginner bundle flows",3,4,2,FALSE,Affordable instrument and music-gear brand with a broad ecommerce and app surface.,"Important for beginner affordability, gear bundles, and app-connected entry points into playing.",Public retail/app sources linked; needs sales + geography data,Low,FALSE,Internal relationship status not yet captured in this dataset. To be completed by Yousician.,donner_official | donner_google_play,https://us.donnermusic.com/ | https://play.google.com/store/apps/details?hl=en_US&id=com.donnermusic,Sales scale and geography split | App usage and connected gear adoption | Beginner bundle partnerships,2026-06-11,Yousician owner TBD
gear4music,Gear4music,Channel / hardware,"Instrument brands, manufacturers and distributors",Hardware & retail channels,Acquisition layer,European music retail channel,"Instrument ecommerce, education supplies, own-brand gear, and beginner purchases",Europe / UK,Large European music retailer,"Ecommerce, own-brand gear, and education supply",Public company,"Research recommendations, beginner bundles, and education-channel data",3,3,1,FALSE,European music gear retailer with education supplies and broad instrument ecommerce.,"Adds another European channel beyond Thomann for gear access, education supply, and bundle opportunities.",Needs traffic + education-channel validation,Low,TRUE,Internal relationship status not yet captured in this dataset. To be completed by Yousician.,gear4music_education,https://www.gear4music.com/us/en/music-education-supplies,Traffic and category share | Education-channel sales data | Bundle/referral opportunity,2026-06-11,Yousician owner TBD
audacity,Audacity,Company / product,Music hobby software ecosystem,Creation & production tools,Hobby expansion,Free audio editor and recording tool,"Recording, editing, plugins, open-source audio workflow, and Muse Group ecosystem",Global,Large open-source audio tool,Free/open source with ecosystem support,Muse Group,"Research AI-assisted editing, transcription, and creator workflow extensions",3,3,2,FALSE,"Widely used free audio editor for recording, editing, and basic production workflows.",A low-friction bridge from learning or practice into recording and basic music creation.,Needs usage scale + roadmap source,Low,FALSE,Internal relationship status not yet captured in this dataset. To be completed by Yousician.,audacity_official | muse_group,https://www.audacityteam.org/ | https://www.mu.se/,Current Muse Group roadmap | AI editing/transcription direction | Hobbyist learner overlap,2026-06-11,Yousician owner TBD
soundation,Soundation,Company / product,Music hobby software ecosystem,Creation & production tools,Hobby expansion,Browser-based music studio,"Online DAW, loops, collaboration, and beginner-friendly production workflow",Global / Sweden,Specialist web creation platform,Freemium and subscription,To verify,"Research browser creation, templates, and AI-assisted production",3,3,2,FALSE,"Web-based music studio for creating, collaborating, and producing music in the browser.","Adds another low-friction creation path after learning, especially for casual browser-first users.",Public product source linked; needs app/traffic + education validation,Low,TRUE,Internal relationship status not yet captured in this dataset. To be completed by Yousician.,soundation_official,https://soundation.com/,Education use and traffic | AI-assisted creation roadmap | Overlap with beginner production pathways,2026-06-11,Yousician owner TBD
beatstars,BeatStars,Company / product,Music hobby software ecosystem,Creation & production tools,Hobby expansion,Beat marketplace and creator business platform,"Beat selling, producer storefronts, licensing, promotion, and creator monetization",Global / US,Large producer marketplace,"Marketplace, subscriptions, and creator tools",Private,Research AI beat/content policy and creator monetization shifts,3,3,2,FALSE,Marketplace and tooling platform for producers to sell beats and manage their creator business.,"Shows where hobbyist creation can turn into commerce, identity, and monetization.",Needs traffic + marketplace scale validation,Low,TRUE,Internal relationship status not yet captured in this dataset. To be completed by Yousician.,beatstars_official | beatstars_creators,https://www.beatstars.com/ | https://www.beatstars.com/creators,Marketplace scale | AI-generated beat policy | Relevance to learning-to-creator journey,2026-06-11,Yousician owner TBD
flow-music,Flow Music,Company / product,AI companies and AI initiatives,AI music & audio technology,Disruption layer,AI music generation app,"Riffusion-origin text-to-music generation, song creation, and mobile-first AI music",Global / US,Emerging AI music app,AI generation app,To verify,Core AI music generation,4,4,5,FALSE,AI music-generation product currently receiving Riffusion traffic and positioning.,"Important as a newer consumer-facing AI music signal alongside Suno, Udio, and ElevenLabs Music.","Needs funding, usage, rights, and rebrand validation",Low,FALSE,Internal relationship status not yet captured in this dataset. To be completed by Yousician.,flow_music_official | riffusion_redirect,https://www.flowmusic.app/ | https://www.riffusion.com/,Riffusion/Flow ownership and rebrand details | User adoption and rights posture | Competitive positioning vs Suno and Udio,2026-06-11,Yousician owner TBD
ripx-daw,RipX DAW,Company / product,AI companies and AI initiatives,AI music & audio technology,Disruption layer,AI audio editing and stem tool,"Stem separation, audio editing, remixing, note-level manipulation, and practice material creation",Global / UK,Specialist AI audio tool,Paid desktop software,Hit'n'Mix,Core AI separation and note-level audio manipulation,3,3,5,FALSE,"AI audio platform for separating, editing, remixing, and manipulating audio at stem/note level.","Relevant to practice, transcription, remixing, and generating learning materials from existing songs.",Needs user scale and musician workflow validation,Low,FALSE,Internal relationship status not yet captured in this dataset. To be completed by Yousician.,ripx_official,https://hitnmix.com/ripx-daw/,User scale and education use | Accuracy and workflow differentiation | Practice/backing-track relevance,2026-06-11,Yousician owner TBD
klangio,Klangio,Company / product,AI companies and AI initiatives,AI music & audio technology,Disruption layer,AI music transcription platform,"Audio-to-score transcription, piano/guitar/drums tools, and practice material conversion",Global / Germany,Specialist AI transcription platform,Freemium and paid transcription tools,To verify,Core AI transcription,4,4,5,FALSE,"AI transcription platform turning recordings into sheet music, tabs, MIDI, and practice material.","Directly relevant to song-to-practice workflows, teacher prep, and the gap between listening and learning.",Public product source linked; needs app usage + accuracy validation,Low,FALSE,Internal relationship status not yet captured in this dataset. To be completed by Yousician.,klangio_official,https://klang.io/,Accuracy by instrument | Teacher and transcriber adoption | Overlap with song-to-practice workflows,2026-06-11,Yousician owner TBD
music-ally,Music Ally,Monitoring signal,"Investors, media, awards, funding and cultural drivers","Capital, media & opportunity signals",Strategic signal layer,Music industry intelligence source,"Music business news, reports, startups, DSPs, rights, marketing, and AI policy",Global / UK,Specialist music business publication,"News, analysis, training, and research",Private,"Monitor AI music rights, platform policy, artist tools, and market shifts",3,4,4,FALSE,"Music industry intelligence and analysis source for business, rights, platform, and AI developments.",A stronger music-specific monitoring source than general tech media for Yousician's environment.,Needs monitoring feed setup,Low,FALSE,Internal relationship status not yet captured in this dataset. To be completed by Yousician.,music_ally_official,https://musically.com/,Monitoring setup and subscription access | Weekly scan ownership | Which topics should feed the board export,2026-06-11,Yousician owner TBD
midia-research,MIDiA Research,Monitoring signal,"Investors, media, awards, funding and cultural drivers","Capital, media & opportunity signals",Strategic signal layer,Music and creator economy research source,"Music industry reports, creator economy, fandom, streaming, and market forecasts",Global / UK,Specialist analyst firm,Research subscriptions and reports,Private,"Monitor AI, creator economy, music fandom, and consumer behavior research",4,4,4,FALSE,"Analyst firm covering music, media, entertainment, creator economy, and audience behavior.",Useful for board-level market framing and quantified trend context beyond company webpages.,Needs report access / subscription validation,Low,TRUE,Internal relationship status not yet captured in this dataset. To be completed by Yousician.,midia_music_reports,https://www.midiaresearch.com/reports/category/music-industry,Report access and licensing | Most relevant music participation reports | Cadence for updating market assumptions,2026-06-11,Yousician owner TBD
namm,NAMM,Strategic signal,"Investors, media, awards, funding and cultural drivers","Capital, media & opportunity signals",Strategic signal layer,Music products industry signal,"Music product trade show, industry members, product launches, retail, and education signals",Global / US,Major music products trade association,"Trade association, events, research, and industry programs",Nonprofit association,"Monitor product launches, connected gear, retail education, and music-making advocacy",3,4,2,FALSE,"Music products industry association and event ecosystem spanning instruments, retail, brands, and education.","A central signal source for hardware, retail, education, and connected music product trends.",Needs event/news monitoring setup,Low,FALSE,Internal relationship status not yet captured in this dataset. To be completed by Yousician.,namm_official,https://www.namm.org/,Which NAMM announcements matter to Yousician | Partner shortlist from member/event ecosystem | Education and connected-gear signals,2026-06-11,Yousician owner TBD
luminate,Luminate,Monitoring signal,"Investors, media, awards, funding and cultural drivers","Capital, media & opportunity signals",Strategic signal layer,Music market data source,"Music consumption, charts, audience behavior, entertainment data, and market reporting",Global / US,Major entertainment data provider,Data products and market intelligence,Private,Monitor music consumption shifts and audience trend data,3,4,2,FALSE,"Entertainment and music data provider used for consumption, chart, and audience intelligence.",Adds quantitative market-signal potential for what music people consume and may want to learn.,Needs data access / report permission,Low,TRUE,Internal relationship status not yet captured in this dataset. To be completed by Yousician.,luminate_music,https://luminatedata.com/,Data/report access | Song and genre trend relevance for learning demand | How to connect to strategic monitoring,2026-06-11,Yousician owner TBD
chartmetric,Chartmetric,Monitoring signal,"Investors, media, awards, funding and cultural drivers","Capital, media & opportunity signals",Strategic signal layer,Music analytics and trend intelligence,"Artist analytics, playlists, social growth, streaming data, and music trend monitoring",Global / US,Specialist music analytics platform,SaaS analytics and data products,Private,"Monitor trend detection, social music discovery, and artist growth signals",3,4,3,FALSE,"Music analytics platform for artist, playlist, streaming, social, and market-trend monitoring.","Useful for understanding what songs, artists, and communities may influence learner demand.",Needs account/API access,Low,TRUE,Internal relationship status not yet captured in this dataset. To be completed by Yousician.,chartmetric_official,https://chartmetric.com/,API/account access | TikTok-to-learning demand signal design | Artist/song trend monitoring cadence,2026-06-11,Yousician owner TBD
a16z-consumer,a16z Consumer,Strategic signal,"Investors, media, awards, funding and cultural drivers","Capital, media & opportunity signals",Strategic signal layer,Consumer and AI investor signal,"Consumer apps, AI-native products, creator tools, and education-market thesis",Global / US,Major venture firm,Venture capital and thesis publishing,Andreessen Horowitz,"Monitor consumer AI, AI education, and generative music investment theses",3,4,4,FALSE,Consumer investing team whose AI and consumer theses can indicate where capital expects user behavior to move.,"Useful for understanding investor appetite around AI-native consumer products, education behavior, and creator tools.",Public investor thesis source linked; needs deal monitoring,Low,FALSE,Internal relationship status not yet captured in this dataset. To be completed by Yousician.,a16z_consumer,https://a16z.com/consumer/,"Relevant consumer AI portfolio moves | Music, creator, or education thesis mentions | Deal-monitoring cadence and owner",2026-06-11,Yousician owner TBD
general-catalyst,General Catalyst,Strategic signal,"Investors, media, awards, funding and cultural drivers","Capital, media & opportunity signals",Strategic signal layer,Growth investor signal,"Applied AI, consumer technology, education, and transformation investing",Global / US,Major global investment firm,Venture and growth investment,Private partnership,"Monitor applied AI, education, consumer, and transformation theses",3,4,4,FALSE,"Global investment firm relevant as a capital signal for AI-enabled services, consumer apps, and education infrastructure.","Helps frame where larger growth capital may move around consumer learning, subscriptions, AI tooling, and platform shifts.",Public company source linked; needs portfolio watchlist,Medium,FALSE,Internal relationship status not yet captured in this dataset. To be completed by Yousician.,general_catalyst_home,https://www.generalcatalyst.com/,"Relevant AI, education, or consumer portfolio companies | Any thesis overlap with music learning or creator workflows | Watchlist owner and update cadence",2026-06-11,Yousician owner TBD
eic-accelerator,EIC Accelerator,Monitoring signal,"Investors, media, awards, funding and cultural drivers","Capital, media & opportunity signals",Strategic signal layer,Public funding signal,"EU startup and SME funding for high-risk, game-changing innovation",Europe,EU-wide startup funding programme,Grant and equity funding,European Innovation Council,"Relevant for disruptive AI, deep-tech, creative-tech, and learning-product funding routes",3,4,3,FALSE,"Horizon Europe funding programme supporting startups and SMEs with game-changing products, services, or business models.","Adds a concrete public-funding route beyond cultural grants for ambitious AI, learning, or creative-technology initiatives.",Public funding source linked; needs eligibility review,Low,FALSE,Internal relationship status not yet captured in this dataset. To be completed by Yousician.,eic_accelerator,https://eic.ec.europa.eu/eic-funding-opportunities/eic-accelerator_en,Eligibility for Yousician-owned initiatives | Best-fit challenge themes and cut-off dates | Grant vs equity suitability,2026-06-11,Yousician owner TBD
horizon-europe-cluster-2,Horizon Europe Cluster 2,Monitoring signal,"Investors, media, awards, funding and cultural drivers","Capital, media & opportunity signals",Strategic signal layer,Public funding signal,"Culture, creativity, inclusive society, and research funding",Europe,EU research and innovation programme,Research and innovation grants,European Commission,"Relevant where music learning intersects culture, creativity, education, and social impact research",3,3,2,FALSE,"Horizon Europe cluster covering culture, creativity, inclusive society, and related research programmes.","Useful for partnership-funded strategic projects around music participation, creative learning, and cultural impact.",Public funding source linked; needs work-programme scan,Low,FALSE,Internal relationship status not yet captured in this dataset. To be completed by Yousician.,horizon_europe_cluster2,https://research-and-innovation.ec.europa.eu/funding/funding-opportunities/funding-programmes-and-open-calls/horizon-europe/cluster-2-culture-creativity-and-inclusive-society_en,"Relevant 2026-27 work-programme calls | Potential consortium partners | Fit for music participation, learning impact, or cultural inclusion",2026-06-11,Yousician owner TBD
eit-culture-creativity,EIT Culture & Creativity,Monitoring signal,"Investors, media, awards, funding and cultural drivers","Capital, media & opportunity signals",Strategic signal layer,Creative-sector innovation signal,"Creative industries, startup acceleration, skills, and cultural innovation",Europe,European cultural and creative-sector network,EU-supported innovation partnership,European Institute of Innovation and Technology,"Relevant for creative-technology, skills, and cultural innovation acceleration",3,3,2,FALSE,"European partnership supporting cultural and creative-sector innovation, learning opportunities, and venture support.","Adds an EU creative-industries route for partnerships, skills programmes, and startup acceleration around music and culture.",Public programme source linked; needs opportunity monitoring,Low,FALSE,Internal relationship status not yet captured in this dataset. To be completed by Yousician.,eit_culture_creativity,https://eit-culture-creativity.eu/,Open accelerator or skills-programme calls | Partnership fit for music-learning initiatives | Expected effort and internal owner,2026-06-11,Yousician owner TBD
apple-design-awards,Apple Design Awards,Monitoring signal,"Investors, media, awards, funding and cultural drivers","Capital, media & opportunity signals",Strategic signal layer,App recognition signal,"App design, innovation, accessibility, interaction, and platform recognition",Global,Major platform recognition programme,Annual Apple developer awards,Apple,"Monitor AI, interaction, accessibility, and creative-app benchmarks",3,3,2,FALSE,Apple award programme recognizing outstanding app and game design across global finalists and winners.,"Useful as a high-signal recognition route and benchmark for app craft, accessibility, interaction, and brand credibility.",Public award source linked; needs category-fit review,Low,FALSE,Internal relationship status not yet captured in this dataset. To be completed by Yousician.,apple_design_awards_2026,https://developer.apple.com/design/awards/,Which annual categories fit Yousician best | Submission calendar and owner | Product-quality gaps against finalist benchmark,2026-06-11,Yousician owner TBD
google-play-best-of,Google Play Best Of,Monitoring signal,"Investors, media, awards, funding and cultural drivers","Capital, media & opportunity signals",Strategic signal layer,App recognition signal,"Android app excellence, editorial awards, growth and category visibility",Global,Major Android platform recognition programme,Annual Google Play editorial awards,Google,"Monitor AI, learning, personal growth, family, and creative-app recognition patterns",3,3,2,FALSE,"Google Play annual awards highlighting apps, games, and books selected by editors as standout products.","Adds an Android-side recognition route and benchmark for app quality, discovery, and platform credibility.",Public award source linked; needs category-fit review,Low,FALSE,Internal relationship status not yet captured in this dataset. To be completed by Yousician.,google_play_best_2025,https://play.google.com/store/apps/editorial?hl=en_US&id=mc_games_apps_cmp_bestof2025_fcp,Relevant 2026 category once published | Android product story and submission owner | Competitive recognition examples in learning or creativity,2026-06-11,Yousician owner TBD
music-tectonics,Music Tectonics,Strategic signal,"Investors, media, awards, funding and cultural drivers","Capital, media & opportunity signals",Strategic signal layer,Music-tech ecosystem signal,"Music technology conference, startup pitch, investor and partnership network",Global / US,Specialist music-tech industry network,"Conference, podcast, events, startup competition","Rock Paper Scissors, Inc.","Monitor music-tech startup themes, AI, rights, creator tools, and investor interest",3,4,3,FALSE,"Music-tech conference and ecosystem platform connecting startups, investors, partners, and industry operators.","Useful for discovering emerging music-tech companies and reading where partnerships, investor attention, and startup energy are moving.",Public conference source linked; needs annual scan,Low,FALSE,Internal relationship status not yet captured in this dataset. To be completed by Yousician.,music_tectonics_2026,https://www.musictectonics.com/,Pitch competition and startup shortlist | AI/rights/creator-tool themes to track | Partner or investor intros worth pursuing,2026-06-11,Yousician owner TBD
learning-technologies-awards,Learning Technologies Awards,Monitoring signal,"Investors, media, awards, funding and cultural drivers","Capital, media & opportunity signals",Strategic signal layer,Learning-tech recognition signal,"Learning technology awards, AI learning categories, and enterprise L&D credibility",Global / UK,Large learning-technology awards programme,Annual awards and event,CloserStill Media / Learning Technologies,"Monitor AI learning categories, adaptive learning, and L&D market expectations",2,3,3,FALSE,"Learning-technology awards programme with categories relevant to AI, digital learning, and learning impact.","Useful benchmark for how broader learning technology evaluates AI, learner outcomes, and trust signals.",Public award source linked; needs relevance review,Low,FALSE,Internal relationship status not yet captured in this dataset. To be completed by Yousician.,learning_technologies_awards,https://www.learningtechnologies.co.uk/learning-tech-awards,Whether music learning has credible category fit | Which AI-learning criteria are relevant | Use as benchmark only or active submission target,2026-06-11,Yousician owner TBD
sxsw-edu-launch,SXSW EDU Launch,Monitoring signal,"Investors, media, awards, funding and cultural drivers","Capital, media & opportunity signals",Strategic signal layer,EdTech startup signal,"Education startup competition, investor exposure, and learning innovation",Global / US,Visible education innovation event,Startup competition and conference exposure,SXSW EDU,"Monitor emerging education startups, AI learning products, and investor-facing education innovation",2,3,3,FALSE,Startup competition showcasing emerging innovations in teaching and learning.,"Adds an early-stage education-market signal where music learning can benchmark product, traction, and investor narratives.",Public competition source linked; needs annual scan,Low,FALSE,Internal relationship status not yet captured in this dataset. To be completed by Yousician.,sxsw_edu_launch,https://sxswedu.com/competitions/launch/,Relevant finalist patterns for music learning | Investor-facing EdTech claims to benchmark | Whether to monitor only or pursue presence,2026-06-11,Yousician owner TBD
