"priority","player_id","player_name","category","backlog_type","question_or_task","recommended_source","owner","next_action","source_status"
"High","simply","Simply","learning","Open evidence question","App performance and revenue trend","Appfigures | Crunchbase | Company source","Competitive intel","Resolve before board-ready use if this player is cited.","Public product/developer sources linked; needs Appfigures"
"High","simply","Simply","learning","Open evidence question","Ownership/investor history beyond public developer pages","Appfigures | Crunchbase | Company source","Competitive intel","Resolve before board-ready use if this player is cited.","Public product/developer sources linked; needs Appfigures"
"High","simply","Simply","learning","Open evidence question","Current growth by geography","Appfigures | Crunchbase | Company source","Competitive intel","Resolve before board-ready use if this player is cited.","Public product/developer sources linked; needs Appfigures"
"High","simply","Simply","learning","Credentialed data needed","Pull external metrics for size, reach, revenue, traffic, rank, or usage.","Appfigures | Crunchbase | Company source","Competitive intel","Fill live-overrides-template.json or Airtable metrics fields.","Public product/developer sources linked; needs Appfigures"
"High","ultimate-guitar","Ultimate Guitar","practice","Open evidence question","Current traffic split by web/app","Appfigures | Similarweb | Company source","Practice & content","Resolve before board-ready use if this player is cited.","Needs traffic + app data check"
"High","ultimate-guitar","Ultimate Guitar","practice","Open evidence question","Recent monetization and AI product direction","Appfigures | Similarweb | Company source","Practice & content","Resolve before board-ready use if this player is cited.","Needs traffic + app data check"
"High","ultimate-guitar","Ultimate Guitar","practice","Open evidence question","Impact of Muse Group bundling","Appfigures | Similarweb | Company source","Practice & content","Resolve before board-ready use if this player is cited.","Needs traffic + app data check"
"High","ultimate-guitar","Ultimate Guitar","practice","Credentialed data needed","Pull external metrics for size, reach, revenue, traffic, rank, or usage.","Appfigures | Similarweb | Company source","Practice & content","Fill live-overrides-template.json or Airtable metrics fields.","Needs traffic + app data check"
"High","fender-play","Fender Play","learning","Open evidence question","Current app performance and revenue","Appfigures | Company source","Competitive intel","Resolve before board-ready use if this player is cited.","Official Fender/app sources linked; needs Appfigures + bundle performance; AI roadmap not confirmed"
"High","fender-play","Fender Play","learning","Open evidence question","Hardware bundle and Samsung/TV expansion impact","Appfigures | Company source","Competitive intel","Resolve before board-ready use if this player is cited.","Official Fender/app sources linked; needs Appfigures + bundle performance; AI roadmap not confirmed"
"High","fender-play","Fender Play","learning","Open evidence question","Retention vs Yousician guitar-learning journeys","Appfigures | Company source","Competitive intel","Resolve before board-ready use if this player is cited.","Official Fender/app sources linked; needs Appfigures + bundle performance; AI roadmap not confirmed"
"High","fender-play","Fender Play","learning","Credentialed data needed","Pull external metrics for size, reach, revenue, traffic, rank, or usage.","Appfigures | Company source","Competitive intel","Fill live-overrides-template.json or Airtable metrics fields.","Official Fender/app sources linked; needs Appfigures + bundle performance; AI roadmap not confirmed"
"High","flowkey","Flowkey","learning","Open evidence question","Current app ranking and revenue","Appfigures | Company source","Competitive intel","Resolve before board-ready use if this player is cited.","Public product/app/partner sources linked; needs Appfigures"
"High","flowkey","Flowkey","learning","Open evidence question","Exact company ownership structure","Appfigures | Company source","Competitive intel","Resolve before board-ready use if this player is cited.","Public product/app/partner sources linked; needs Appfigures"
"High","flowkey","Flowkey","learning","Open evidence question","Yamaha partnership conversion impact","Appfigures | Company source","Competitive intel","Resolve before board-ready use if this player is cited.","Public product/app/partner sources linked; needs Appfigures"
"High","flowkey","Flowkey","learning","Credentialed data needed","Pull external metrics for size, reach, revenue, traffic, rank, or usage.","Appfigures | Company source","Competitive intel","Fill live-overrides-template.json or Airtable metrics fields.","Public product/app/partner sources linked; needs Appfigures"
"Medium","skoove","Skoove","learning","Open evidence question","Ownership and funding","Appfigures | Company source","Competitive intel","Resolve before board-ready use if this player is cited.","Public product/app sources linked; needs Appfigures"
"Medium","skoove","Skoove","learning","Open evidence question","Current app performance","Appfigures | Company source","Competitive intel","Resolve before board-ready use if this player is cited.","Public product/app sources linked; needs Appfigures"
"Medium","skoove","Skoove","learning","Open evidence question","B2C vs partnership motion","Appfigures | Company source","Competitive intel","Resolve before board-ready use if this player is cited.","Public product/app sources linked; needs Appfigures"
"Medium","skoove","Skoove","learning","Credentialed data needed","Pull external metrics for size, reach, revenue, traffic, rank, or usage.","Appfigures | Company source","Competitive intel","Fill live-overrides-template.json or Airtable metrics fields.","Public product/app sources linked; needs Appfigures"
"High","justinguitar","JustinGuitar","practice","Open evidence question","Current audience size","Appfigures | Audience source | Company source","Practice & content","Resolve before board-ready use if this player is cited.","Public app/site sources linked; needs audience data"
"High","justinguitar","JustinGuitar","practice","Open evidence question","App conversion and course economics","Appfigures | Audience source | Company source","Practice & content","Resolve before board-ready use if this player is cited.","Public app/site sources linked; needs audience data"
"Normal","artie-piano","Artie Piano","learning","Open evidence question","Traction beyond app listing","Appfigures | Company source","Competitive intel","Resolve before board-ready use if this player is cited.","Public ArtMaster/app sources linked; needs traction validation"
"Normal","artie-piano","Artie Piano","learning","Open evidence question","Retention and paid conversion","Appfigures | Company source","Competitive intel","Resolve before board-ready use if this player is cited.","Public ArtMaster/app sources linked; needs traction validation"
"Normal","artie-piano","Artie Piano","learning","Open evidence question","Model/feedback quality against established piano apps","Appfigures | Company source","Competitive intel","Resolve before board-ready use if this player is cited.","Public ArtMaster/app sources linked; needs traction validation"
"High","fender","Fender","hardware","Open evidence question","Current beginner-bundle strategy","Company source","Partnerships","Resolve before board-ready use if this player is cited.","Public company/product sources linked; needs market validation"
"High","fender","Fender","hardware","Open evidence question","Retail and connected hardware partnerships","Company source","Partnerships","Resolve before board-ready use if this player is cited.","Public company/product sources linked; needs market validation"
"High","fender","Fender","hardware","Open evidence question","Internal relationship opportunities","Company source","Partnerships","Resolve before board-ready use if this player is cited.","Public company/product sources linked; needs market validation"
"High","yamaha","Yamaha","hardware","Open evidence question","Current digital-learning partnerships","Company source","Partnerships","Resolve before board-ready use if this player is cited.","Public company/product source linked; needs performance validation"
"High","yamaha","Yamaha","hardware","Open evidence question","Regional education priorities","Company source","Partnerships","Resolve before board-ready use if this player is cited.","Public company/product source linked; needs performance validation"
"Medium","thomann","Thomann","hardware","Open evidence question","Traffic and conversion behavior","Similarweb | Company source","Partnerships","Resolve before board-ready use if this player is cited.","Public commerce/company sources linked; needs traffic data"
"Medium","thomann","Thomann","hardware","Open evidence question","Beginner-bundle behavior","Similarweb | Company source","Partnerships","Resolve before board-ready use if this player is cited.","Public commerce/company sources linked; needs traffic data"
"Medium","thomann","Thomann","hardware","Open evidence question","Partnership openness","Similarweb | Company source","Partnerships","Resolve before board-ready use if this player is cited.","Public commerce/company sources linked; needs traffic data"
"Medium","thomann","Thomann","hardware","Credentialed data needed","Pull external metrics for size, reach, revenue, traffic, rank, or usage.","Similarweb | Company source","Partnerships","Fill live-overrides-template.json or Airtable metrics fields.","Public commerce/company sources linked; needs traffic data"
"Normal","sweetwater","Sweetwater","hardware","Open evidence question","Beginner bundle strategy","Similarweb | Company source","Partnerships","Resolve before board-ready use if this player is cited.","Public commerce/company sources linked; needs traffic data"
"Normal","sweetwater","Sweetwater","hardware","Open evidence question","Education or referral partnerships","Similarweb | Company source","Partnerships","Resolve before board-ready use if this player is cited.","Public commerce/company sources linked; needs traffic data"
"Normal","sweetwater","Sweetwater","hardware","Open evidence question","Retail-to-learning funnel data","Similarweb | Company source","Partnerships","Resolve before board-ready use if this player is cited.","Public commerce/company sources linked; needs traffic data"
"Medium","sweetwater","Sweetwater","hardware","Credentialed data needed","Pull external metrics for size, reach, revenue, traffic, rank, or usage.","Similarweb | Company source","Partnerships","Fill live-overrides-template.json or Airtable metrics fields.","Public commerce/company sources linked; needs traffic data"
"High","bandlab","BandLab","creation","Open evidence question","Creator-to-learner overlap","Appfigures | Crunchbase | Audience source | Company source","Creator ecosystem","Resolve before board-ready use if this player is cited.","Needs company + funding + app data"
"High","bandlab","BandLab","creation","Open evidence question","Current monetization and AI roadmap","Appfigures | Crunchbase | Audience source | Company source","Creator ecosystem","Resolve before board-ready use if this player is cited.","Needs company + funding + app data"
"Medium","musescore","MuseScore","creation","Open evidence question","Learner usage vs creator usage","Similarweb | Company source","Creator ecosystem","Resolve before board-ready use if this player is cited.","Public product sources linked; needs traffic data"
"Medium","musescore","MuseScore","creation","Open evidence question","Bundling with Ultimate Guitar/Muse Group","Similarweb | Company source","Creator ecosystem","Resolve before board-ready use if this player is cited.","Public product sources linked; needs traffic data"
"Medium","musescore","MuseScore","creation","Credentialed data needed","Pull external metrics for size, reach, revenue, traffic, rank, or usage.","Similarweb | Company source","Creator ecosystem","Fill live-overrides-template.json or Airtable metrics fields.","Public product sources linked; needs traffic data"
"Medium","songsterr","Songsterr","practice","Open evidence question","Traffic and app performance","Appfigures | Similarweb | Company source","Practice & content","Resolve before board-ready use if this player is cited.","Public app/product sources linked; needs traffic data"
"Medium","songsterr","Songsterr","practice","Open evidence question","Licensing and catalog depth","Appfigures | Similarweb | Company source","Practice & content","Resolve before board-ready use if this player is cited.","Public app/product sources linked; needs traffic data"
"Medium","songsterr","Songsterr","practice","Credentialed data needed","Pull external metrics for size, reach, revenue, traffic, rank, or usage.","Appfigures | Similarweb | Company source","Practice & content","Fill live-overrides-template.json or Airtable metrics fields.","Public app/product sources linked; needs traffic data"
"High","splice","Splice","creation","Open evidence question","Hobbyist vs professional usage","Crunchbase | Audience source | Programme source | Company source","Creator ecosystem","Resolve before board-ready use if this player is cited.","Needs company + funding source"
"High","splice","Splice","creation","Open evidence question","AI licensing/commercial model details","Crunchbase | Audience source | Programme source | Company source","Creator ecosystem","Resolve before board-ready use if this player is cited.","Needs company + funding source"
"Medium","ableton","Ableton","creation","Open evidence question","Learning/onboarding influence for beginners","Audience source | Company source","Creator ecosystem","Resolve before board-ready use if this player is cited.","Public company/product source linked; needs performance validation"
"Medium","ableton","Ableton","creation","Open evidence question","Education channel signal","Audience source | Company source","Creator ecosystem","Resolve before board-ready use if this player is cited.","Public company/product source linked; needs performance validation"
"High","suno","Suno","ai","Open evidence question","Licensing status by label","Crunchbase | Legal/news | Company source","AI strategy","Resolve before board-ready use if this player is cited.","Needs funding + legal + usage source"
"High","suno","Suno","ai","Open evidence question","Consumer adoption, retention, and paid conversion","Crunchbase | Legal/news | Company source","AI strategy","Resolve before board-ready use if this player is cited.","Needs funding + legal + usage source"
"High","udio","Udio","ai","Open evidence question","Status of licensed product launch","Crunchbase | Legal/news | Company source","AI strategy","Resolve before board-ready use if this player is cited.","Needs funding + legal + usage source"
"High","udio","Udio","ai","Open evidence question","Impact on broader AI music legitimacy","Crunchbase | Legal/news | Company source","AI strategy","Resolve before board-ready use if this player is cited.","Needs funding + legal + usage source"
"High","moises","Moises","ai","Open evidence question","App growth trend","Appfigures | Company source","AI strategy","Resolve before board-ready use if this player is cited.","Needs app + company source"
"High","moises","Moises","ai","Open evidence question","Partnership and education revenue relevance","Appfigures | Company source","AI strategy","Resolve before board-ready use if this player is cited.","Needs app + company source"
"High","duolingo","Duolingo","education","Open evidence question","Transferability of language-learning loops to music practice","Company source","Learning strategy","Resolve before board-ready use if this player is cited.","Needs public filings + product source"
"High","duolingo","Duolingo","education","Open evidence question","Music course relevance, if any","Company source","Learning strategy","Resolve before board-ready use if this player is cited.","Needs public filings + product source"
"Normal","kahoot","Kahoot","education","Open evidence question","School distribution depth by market","Company source","Learning strategy","Resolve before board-ready use if this player is cited.","Public company/product sources linked; needs market validation"
"Normal","kahoot","Kahoot","education","Open evidence question","Learning platform AI adoption","Company source","Learning strategy","Resolve before board-ready use if this player is cited.","Public company/product sources linked; needs market validation"
"Normal","kahoot","Kahoot","education","Open evidence question","Relevance transfer to music learning","Company source","Learning strategy","Resolve before board-ready use if this player is cited.","Public company/product sources linked; needs market validation"
"Normal","brilliant","Brilliant","education","Open evidence question","Habit mechanics that transfer to music","Company source","Learning strategy","Resolve before board-ready use if this player is cited.","Public company/product source linked; needs performance validation"
"Normal","brilliant","Brilliant","education","Open evidence question","Depth vs casual learner fit","Company source","Learning strategy","Resolve before board-ready use if this player is cited.","Public company/product source linked; needs performance validation"
"Medium","marty-music","Marty Music","practice","Open evidence question","Audience scale","Similarweb | Audience source | Company source","Practice & content","Resolve before board-ready use if this player is cited.","Public web/creator sources linked; needs audience data"
"Medium","marty-music","Marty Music","practice","Open evidence question","Partnership fit and content overlap","Similarweb | Audience source | Company source","Practice & content","Resolve before board-ready use if this player is cited.","Public web/creator sources linked; needs audience data"
"Normal","berklee-online","Berklee Online","education","Open evidence question","Consumer beginner relevance","Company source","Learning strategy","Resolve before board-ready use if this player is cited.","Public institution/program sources linked; needs adoption data"
"Normal","berklee-online","Berklee Online","education","Open evidence question","Partnership or credibility role","Company source","Learning strategy","Resolve before board-ready use if this player is cited.","Public institution/program sources linked; needs adoption data"
"Normal","mtna","MTNA","education","Open evidence question","Digital-learning adoption among members","Award source | Company source","Learning strategy","Resolve before board-ready use if this player is cited.","Public association source linked; needs adoption data"
"Normal","mtna","MTNA","education","Open evidence question","Potential teacher-trust implications","Award source | Company source","Learning strategy","Resolve before board-ready use if this player is cited.","Public association source linked; needs adoption data"
"Normal","rsi","Rousseau","practice","Open evidence question","Audience scale","Audience source | Company source","Practice & content","Resolve before board-ready use if this player is cited.","Creator/audience source linked; needs audience validation"
"Normal","rsi","Rousseau","practice","Open evidence question","Current content cadence","Audience source | Company source","Practice & content","Resolve before board-ready use if this player is cited.","Creator/audience source linked; needs audience validation"
"Normal","rsi","Rousseau","practice","Open evidence question","Relevance beyond piano aspiration","Audience source | Company source","Practice & content","Resolve before board-ready use if this player is cited.","Creator/audience source linked; needs audience validation"
"Medium","apple-garageband","GarageBand","creation","Open evidence question","Learning-to-creation journey overlap","Appfigures | Company source","Creator ecosystem","Resolve before board-ready use if this player is cited.","Public Apple product source linked; needs usage validation"
"Medium","apple-garageband","GarageBand","creation","Open evidence question","Current AI/creator-tool direction from Apple","Appfigures | Company source","Creator ecosystem","Resolve before board-ready use if this player is cited.","Public Apple product source linked; needs usage validation"
"Normal","accel","Accel","signals","Open evidence question","Music/education/AI investment theses","Crunchbase | Company source","Strategy / monitoring","Resolve before board-ready use if this player is cited.","Public portfolio/source linked; needs monitoring setup"
"Normal","accel","Accel","signals","Open evidence question","Relevant portfolio companies","Crunchbase | Company source","Strategy / monitoring","Resolve before board-ready use if this player is cited.","Public portfolio/source linked; needs monitoring setup"
"Normal","techcrunch","TechCrunch","signals","Open evidence question","Automated query setup","Company source","Strategy / monitoring","Resolve before board-ready use if this player is cited.","Public monitoring source linked; needs feed setup"
"Normal","techcrunch","TechCrunch","signals","Open evidence question","Signal quality vs noise","Company source","Strategy / monitoring","Resolve before board-ready use if this player is cited.","Public monitoring source linked; needs feed setup"
"Normal","bett-awards","BETT Awards","signals","Open evidence question","Fit for Yousician/GuitarTuna positioning","Award source | Company source","Strategy / monitoring","Resolve before board-ready use if this player is cited.","Public award source linked; needs criteria review"
"Normal","bett-awards","BETT Awards","signals","Open evidence question","Submission timing and category relevance","Award source | Company source","Strategy / monitoring","Resolve before board-ready use if this player is cited.","Public award source linked; needs criteria review"
"Normal","creative-europe","Creative Europe","signals","Open evidence question","Eligibility of music-learning/digital projects","Crunchbase | Programme source | Company source","Strategy / monitoring","Resolve before board-ready use if this player is cited.","Public funding source linked; needs eligibility review"
"Normal","creative-europe","Creative Europe","signals","Open evidence question","Consortium requirements and timing","Crunchbase | Programme source | Company source","Strategy / monitoring","Resolve before board-ready use if this player is cited.","Public funding source linked; needs eligibility review"
"High","guitar-tricks","Guitar Tricks","learning","Open evidence question","Current traffic and app performance","Appfigures | Similarweb | Company source","Competitive intel","Resolve before board-ready use if this player is cited.","Public app/product sources linked; needs Appfigures + traffic data"
"High","guitar-tricks","Guitar Tricks","learning","Open evidence question","Ownership/company structure confirmation","Appfigures | Similarweb | Company source","Competitive intel","Resolve before board-ready use if this player is cited.","Public app/product sources linked; needs Appfigures + traffic data"
"High","guitar-tricks","Guitar Tricks","learning","Open evidence question","Subscription conversion benchmarks","Appfigures | Similarweb | Company source","Competitive intel","Resolve before board-ready use if this player is cited.","Public app/product sources linked; needs Appfigures + traffic data"
"High","guitar-tricks","Guitar Tricks","learning","Credentialed data needed","Pull external metrics for size, reach, revenue, traffic, rank, or usage.","Appfigures | Similarweb | Company source","Competitive intel","Fill live-overrides-template.json or Airtable metrics fields.","Public app/product sources linked; needs Appfigures + traffic data"
"Normal","truefire","TrueFire","learning","Open evidence question","Traffic and app performance","Appfigures | Similarweb | Company source","Competitive intel","Resolve before board-ready use if this player is cited.","Public product/app sources linked; needs traffic data"
"Normal","truefire","TrueFire","learning","Open evidence question","Ownership/company structure","Appfigures | Similarweb | Company source","Competitive intel","Resolve before board-ready use if this player is cited.","Public product/app sources linked; needs traffic data"
"Normal","truefire","TrueFire","learning","Open evidence question","Teacher-marketplace economics","Appfigures | Similarweb | Company source","Competitive intel","Resolve before board-ready use if this player is cited.","Public product/app sources linked; needs traffic data"
"Medium","truefire","TrueFire","learning","Credentialed data needed","Pull external metrics for size, reach, revenue, traffic, rank, or usage.","Appfigures | Similarweb | Company source","Competitive intel","Fill live-overrides-template.json or Airtable metrics fields.","Public product/app sources linked; needs traffic data"
"High","pickup-music","Pickup Music","learning","Open evidence question","Traffic and app performance","Appfigures | Similarweb | Company source","Competitive intel","Resolve before board-ready use if this player is cited.","Public product/app/company sources linked; needs traffic data"
"High","pickup-music","Pickup Music","learning","Open evidence question","Ownership/current company structure","Appfigures | Similarweb | Company source","Competitive intel","Resolve before board-ready use if this player is cited.","Public product/app/company sources linked; needs traffic data"
"High","pickup-music","Pickup Music","learning","Open evidence question","Instructor feedback economics","Appfigures | Similarweb | Company source","Competitive intel","Resolve before board-ready use if this player is cited.","Public product/app/company sources linked; needs traffic data"
"High","pickup-music","Pickup Music","learning","Credentialed data needed","Pull external metrics for size, reach, revenue, traffic, rank, or usage.","Appfigures | Similarweb | Company source","Competitive intel","Fill live-overrides-template.json or Airtable metrics fields.","Public product/app/company sources linked; needs traffic data"
"High","rocksmith-plus","Rocksmith+","learning","Open evidence question","Current song catalog strength","Appfigures","Competitive intel","Resolve before board-ready use if this player is cited.","Needs app data + catalog + subscription performance"
"High","rocksmith-plus","Rocksmith+","learning","Open evidence question","Subscription retention and platform split","Appfigures","Competitive intel","Resolve before board-ready use if this player is cited.","Needs app data + catalog + subscription performance"
"High","gibson-app","Gibson App","learning","Open evidence question","App performance","Appfigures","Competitive intel","Resolve before board-ready use if this player is cited.","Needs Appfigures + bundle performance"
"High","gibson-app","Gibson App","learning","Open evidence question","Impact of guitar/amp purchase bundles","Appfigures","Competitive intel","Resolve before board-ready use if this player is cited.","Needs Appfigures + bundle performance"
"High","gibson-app","Gibson App","learning","Credentialed data needed","Pull external metrics for size, reach, revenue, traffic, rank, or usage.","Appfigures","Competitive intel","Fill live-overrides-template.json or Airtable metrics fields.","Needs Appfigures + bundle performance"
"Normal","piano-marvel","Piano Marvel","learning","Open evidence question","School/studio penetration","Appfigures","Competitive intel","Resolve before board-ready use if this player is cited.","Needs app + school channel validation"
"Normal","piano-marvel","Piano Marvel","learning","Open evidence question","Current app and subscription performance","Appfigures","Competitive intel","Resolve before board-ready use if this player is cited.","Needs app + school channel validation"
"Normal","melodics","Melodics","learning","Open evidence question","Instrument mix and retention","Appfigures | Audience source | Company source","Competitive intel","Resolve before board-ready use if this player is cited.","Needs Appfigures + company source"
"Normal","melodics","Melodics","learning","Open evidence question","Fit with guitar-first Yousician strategy","Appfigures | Audience source | Company source","Competitive intel","Resolve before board-ready use if this player is cited.","Needs Appfigures + company source"
"Medium","melodics","Melodics","learning","Credentialed data needed","Pull external metrics for size, reach, revenue, traffic, rank, or usage.","Appfigures | Audience source | Company source","Competitive intel","Fill live-overrides-template.json or Airtable metrics fields.","Needs Appfigures + company source"
"High","chordify","Chordify","practice","Open evidence question","Rights/copyright model","Appfigures | Similarweb | Legal/news | Company source","Practice & content","Resolve before board-ready use if this player is cited.","Public app/support sources linked; needs traffic data"
"High","chordify","Chordify","practice","Open evidence question","App performance and conversion","Appfigures | Similarweb | Legal/news | Company source","Practice & content","Resolve before board-ready use if this player is cited.","Public app/support sources linked; needs traffic data"
"High","chordify","Chordify","practice","Open evidence question","Ownership/current company structure","Appfigures | Similarweb | Legal/news | Company source","Practice & content","Resolve before board-ready use if this player is cited.","Public app/support sources linked; needs traffic data"
"High","chordify","Chordify","practice","Credentialed data needed","Pull external metrics for size, reach, revenue, traffic, rank, or usage.","Appfigures | Similarweb | Legal/news | Company source","Practice & content","Fill live-overrides-template.json or Airtable metrics fields.","Public app/support sources linked; needs traffic data"
"Normal","soundslice","Soundslice","practice","Open evidence question","Teacher adoption scale","Similarweb | Audience source","Practice & content","Resolve before board-ready use if this player is cited.","Needs traffic + teacher-channel validation"
"Normal","soundslice","Soundslice","practice","Open evidence question","Transcription and AI roadmap","Similarweb | Audience source","Practice & content","Resolve before board-ready use if this player is cited.","Needs traffic + teacher-channel validation"
"Medium","soundslice","Soundslice","practice","Credentialed data needed","Pull external metrics for size, reach, revenue, traffic, rank, or usage.","Similarweb | Audience source","Practice & content","Fill live-overrides-template.json or Airtable metrics fields.","Needs traffic + teacher-channel validation"
"Medium","guitar-pro","Guitar Pro","practice","Open evidence question","Current mobile usage","Appfigures | Company source","Practice & content","Resolve before board-ready use if this player is cited.","Needs app + usage source"
"Medium","guitar-pro","Guitar Pro","practice","Open evidence question","AI tab creation and arrangement roadmap","Appfigures | Company source","Practice & content","Resolve before board-ready use if this player is cited.","Needs app + usage source"
"High","youtube-artists","YouTube","practice","Open evidence question","Yousician search/funnel impact","Audience source","Practice & content","Resolve before board-ready use if this player is cited.","Needs internal funnel + YouTube trend monitoring"
"High","youtube-artists","YouTube","practice","Open evidence question","Creator partnership opportunities","Audience source","Practice & content","Resolve before board-ready use if this player is cited.","Needs internal funnel + YouTube trend monitoring"
"High","youtube-artists","YouTube","practice","Open evidence question","Short-form lesson behavior","Audience source","Practice & content","Resolve before board-ready use if this player is cited.","Needs internal funnel + YouTube trend monitoring"
"High","gibson","Gibson","hardware","Open evidence question","Bundle conversion","Appfigures | Company source","Partnerships","Resolve before board-ready use if this player is cited.","Needs company + bundle performance source"
"High","gibson","Gibson","hardware","Open evidence question","Retail/channel strategy for beginners","Appfigures | Company source","Partnerships","Resolve before board-ready use if this player is cited.","Needs company + bundle performance source"
"High","positive-grid","Positive Grid","hardware","Open evidence question","Spark unit sales","Appfigures","Partnerships","Resolve before board-ready use if this player is cited.","Needs sales + app data + AI feature tracking"
"High","positive-grid","Positive Grid","hardware","Open evidence question","AI feature adoption","Appfigures","Partnerships","Resolve before board-ready use if this player is cited.","Needs sales + app data + AI feature tracking"
"High","positive-grid","Positive Grid","hardware","Open evidence question","Practice engagement through the app","Appfigures","Partnerships","Resolve before board-ready use if this player is cited.","Needs sales + app data + AI feature tracking"
"Normal","reverb","Reverb","hardware","Open evidence question","Post-Etsy ownership strategy and operating changes","Appfigures | Similarweb | Crunchbase | Company source","Partnerships","Resolve before board-ready use if this player is cited.","Official app and ownership-close sources linked; needs traffic + category data"
"Normal","reverb","Reverb","hardware","Open evidence question","Beginner gear demand","Appfigures | Similarweb | Crunchbase | Company source","Partnerships","Resolve before board-ready use if this player is cited.","Official app and ownership-close sources linked; needs traffic + category data"
"Normal","reverb","Reverb","hardware","Open evidence question","Category and geography split","Appfigures | Similarweb | Crunchbase | Company source","Partnerships","Resolve before board-ready use if this player is cited.","Official app and ownership-close sources linked; needs traffic + category data"
"Medium","reverb","Reverb","hardware","Credentialed data needed","Pull external metrics for size, reach, revenue, traffic, rank, or usage.","Appfigures | Similarweb | Crunchbase | Company source","Partnerships","Fill live-overrides-template.json or Airtable metrics fields.","Official app and ownership-close sources linked; needs traffic + category data"
"Normal","guitar-center","Guitar Center","hardware","Open evidence question","Lesson volume and demographics","Company source","Partnerships","Resolve before board-ready use if this player is cited.","Needs retail + lesson volume source"
"Normal","guitar-center","Guitar Center","hardware","Open evidence question","Referral or bundle potential","Company source","Partnerships","Resolve before board-ready use if this player is cited.","Needs retail + lesson volume source"
"Normal","boss","BOSS / Roland","hardware","Open evidence question","Connected app roadmap","Appfigures | Company source","Partnerships","Resolve before board-ready use if this player is cited.","Needs product roadmap + connected app source"
"Normal","boss","BOSS / Roland","hardware","Open evidence question","Beginner-friendly practice product strategy","Appfigures | Company source","Partnerships","Resolve before board-ready use if this player is cited.","Needs product roadmap + connected app source"
"Medium","soundtrap","Soundtrap","creation","Open evidence question","Education adoption","Similarweb | Company source","Creator ecosystem","Resolve before board-ready use if this player is cited.","Public product/education sources linked; needs usage data"
"Medium","soundtrap","Soundtrap","creation","Open evidence question","Spotify integration direction","Similarweb | Company source","Creator ecosystem","Resolve before board-ready use if this player is cited.","Public product/education sources linked; needs usage data"
"Medium","soundtrap","Soundtrap","creation","Open evidence question","AI feature roadmap","Similarweb | Company source","Creator ecosystem","Resolve before board-ready use if this player is cited.","Public product/education sources linked; needs usage data"
"Medium","soundtrap","Soundtrap","creation","Credentialed data needed","Pull external metrics for size, reach, revenue, traffic, rank, or usage.","Similarweb | Company source","Creator ecosystem","Fill live-overrides-template.json or Airtable metrics fields.","Public product/education sources linked; needs usage data"
"High","fl-studio","FL Studio","creation","Open evidence question","FL Studio Web adoption","Similarweb | Company source","Creator ecosystem","Resolve before board-ready use if this player is cited.","Needs product + web beta monitoring"
"High","fl-studio","FL Studio","creation","Open evidence question","Beginner creator onboarding and AI assistance","Similarweb | Company source","Creator ecosystem","Resolve before board-ready use if this player is cited.","Needs product + web beta monitoring"
"Normal","soundcloud","SoundCloud","creation","Open evidence question","Current AI-content policy","Appfigures | Company source","Creator ecosystem","Resolve before board-ready use if this player is cited.","Public company/app/artist sources linked; needs AI policy monitoring"
"Normal","soundcloud","SoundCloud","creation","Open evidence question","Creator tool direction","Appfigures | Company source","Creator ecosystem","Resolve before board-ready use if this player is cited.","Public company/app/artist sources linked; needs AI policy monitoring"
"Normal","soundcloud","SoundCloud","creation","Open evidence question","Distribution strategy and artist economics","Appfigures | Company source","Creator ecosystem","Resolve before board-ready use if this player is cited.","Public company/app/artist sources linked; needs AI policy monitoring"
"Normal","distrokid","DistroKid","creation","Open evidence question","AI music distribution policy","Appfigures | Company source","Creator ecosystem","Resolve before board-ready use if this player is cited.","Public distribution/app sources linked; needs artist-count + policy monitoring"
"Normal","distrokid","DistroKid","creation","Open evidence question","Artist count and retention","Appfigures | Company source","Creator ecosystem","Resolve before board-ready use if this player is cited.","Public distribution/app sources linked; needs artist-count + policy monitoring"
"Normal","distrokid","DistroKid","creation","Open evidence question","Creator-service attach rate","Appfigures | Company source","Creator ecosystem","Resolve before board-ready use if this player is cited.","Public distribution/app sources linked; needs artist-count + policy monitoring"
"Medium","distrokid","DistroKid","creation","Credentialed data needed","Pull external metrics for size, reach, revenue, traffic, rank, or usage.","Appfigures | Company source","Creator ecosystem","Fill live-overrides-template.json or Airtable metrics fields.","Public distribution/app sources linked; needs artist-count + policy monitoring"
"Medium","landr","LANDR","creation","Open evidence question","Distribution policy for AI-assisted content","Audience source","Creator ecosystem","Resolve before board-ready use if this player is cited.","Needs usage + distribution policy tracking"
"Medium","landr","LANDR","creation","Open evidence question","Creator services attach rate","Audience source","Creator ecosystem","Resolve before board-ready use if this player is cited.","Needs usage + distribution policy tracking"
"Normal","native-instruments","Native Instruments","creation","Open evidence question","Deal close / final ownership status after the May 2026 agreement","Company source","Creator ecosystem","Resolve before board-ready use if this player is cited.","Official company plus acquisition-announcement sources linked; closing/status and roadmap need monitoring"
"Normal","native-instruments","Native Instruments","creation","Open evidence question","Effect on beginner/accessible production strategy","Company source","Creator ecosystem","Resolve before board-ready use if this player is cited.","Official company plus acquisition-announcement sources linked; closing/status and roadmap need monitoring"
"Normal","bandcamp","Bandcamp","creation","Open evidence question","Policy enforcement details","Crunchbase","Creator ecosystem","Resolve before board-ready use if this player is cited.","Needs ownership + AI policy monitoring"
"Normal","bandcamp","Bandcamp","creation","Open evidence question","Relevance to learning creators and teacher-musicians","Crunchbase","Creator ecosystem","Resolve before board-ready use if this player is cited.","Needs ownership + AI policy monitoring"
"Medium","lalal-ai","LALAL.AI","ai","Open evidence question","User scale","Appfigures","AI strategy","Resolve before board-ready use if this player is cited.","Needs usage + app + DAW plugin monitoring"
"Medium","lalal-ai","LALAL.AI","ai","Open evidence question","DAW plugin adoption","Appfigures","AI strategy","Resolve before board-ready use if this player is cited.","Needs usage + app + DAW plugin monitoring"
"Medium","lalal-ai","LALAL.AI","ai","Open evidence question","Fit with practice/backing-track workflows","Appfigures","AI strategy","Resolve before board-ready use if this player is cited.","Needs usage + app + DAW plugin monitoring"
"Normal","aiva","AIVA","ai","Open evidence question","Current creator adoption","Appfigures | Audience source | Company source","AI strategy","Resolve before board-ready use if this player is cited.","Public product/download sources linked; needs usage + licensing validation"
"Normal","aiva","AIVA","ai","Open evidence question","Licensing confidence vs newer AI music players","Appfigures | Audience source | Company source","AI strategy","Resolve before board-ready use if this player is cited.","Public product/download sources linked; needs usage + licensing validation"
"Normal","aiva","AIVA","ai","Open evidence question","Desktop vs browser workflow relevance","Appfigures | Audience source | Company source","AI strategy","Resolve before board-ready use if this player is cited.","Public product/download sources linked; needs usage + licensing validation"
"Medium","aiva","AIVA","ai","Credentialed data needed","Pull external metrics for size, reach, revenue, traffic, rank, or usage.","Appfigures | Audience source | Company source","AI strategy","Fill live-overrides-template.json or Airtable metrics fields.","Public product/download sources linked; needs usage + licensing validation"
"High","elevenlabs-music","ElevenLabs Music","ai","Open evidence question","Licensing posture","Manual research","AI strategy","Resolve before board-ready use if this player is cited.","Needs licensing + adoption + policy monitoring"
"High","elevenlabs-music","ElevenLabs Music","ai","Open evidence question","Artist and label partnerships","Manual research","AI strategy","Resolve before board-ready use if this player is cited.","Needs licensing + adoption + policy monitoring"
"High","elevenlabs-music","ElevenLabs Music","ai","Open evidence question","Impact on casual music creation","Manual research","AI strategy","Resolve before board-ready use if this player is cited.","Needs licensing + adoption + policy monitoring"
"Normal","tonebase","tonebase","education","Open evidence question","Subscriber scale","Company source","Learning strategy","Resolve before board-ready use if this player is cited.","Public product/instrument sources linked; needs growth + retention data"
"Normal","tonebase","tonebase","education","Open evidence question","Casual vs serious learner fit","Company source","Learning strategy","Resolve before board-ready use if this player is cited.","Public product/instrument sources linked; needs growth + retention data"
"Normal","tonebase","tonebase","education","Open evidence question","Instrument expansion and live workshops","Company source","Learning strategy","Resolve before board-ready use if this player is cited.","Public product/instrument sources linked; needs growth + retention data"
"Medium","tonebase","tonebase","education","Credentialed data needed","Pull external metrics for size, reach, revenue, traffic, rank, or usage.","Company source","Learning strategy","Fill live-overrides-template.json or Airtable metrics fields.","Public product/instrument sources linked; needs growth + retention data"
"Normal","artistworks","ArtistWorks","education","Open evidence question","Video-exchange model details","Similarweb | Company source","Learning strategy","Resolve before board-ready use if this player is cited.","Public product sources linked; needs traffic data"
"Normal","artistworks","ArtistWorks","education","Open evidence question","Library/channel adoption","Similarweb | Company source","Learning strategy","Resolve before board-ready use if this player is cited.","Public product sources linked; needs traffic data"
"Normal","artistworks","ArtistWorks","education","Open evidence question","Current category traction","Similarweb | Company source","Learning strategy","Resolve before board-ready use if this player is cited.","Public product sources linked; needs traffic data"
"Medium","artistworks","ArtistWorks","education","Credentialed data needed","Pull external metrics for size, reach, revenue, traffic, rank, or usage.","Similarweb | Company source","Learning strategy","Fill live-overrides-template.json or Airtable metrics fields.","Public product sources linked; needs traffic data"
"High","spotify-artists","Spotify for Artists","signals","Open evidence question","AI artist verification policy","Audience source","Strategy / monitoring","Resolve before board-ready use if this player is cited.","Needs music policy + creator tools monitoring"
"High","spotify-artists","Spotify for Artists","signals","Open evidence question","Signals for learner-to-artist aspiration","Audience source","Strategy / monitoring","Resolve before board-ready use if this player is cited.","Needs music policy + creator tools monitoring"
"High","spotify-artists","Spotify for Artists","signals","Open evidence question","Which campaign tools change hobbyist release goals","Audience source","Strategy / monitoring","Resolve before board-ready use if this player is cited.","Needs music policy + creator tools monitoring"
"High","tiktok-artists","TikTok for Artists","signals","Open evidence question","Song trend spillover into what learners want to play","Audience source | Company source","Strategy / monitoring","Resolve before board-ready use if this player is cited.","Needs trend monitoring + music partnership source"
"High","tiktok-artists","TikTok for Artists","signals","Open evidence question","Data access and monitoring setup","Audience source | Company source","Strategy / monitoring","Resolve before board-ready use if this player is cited.","Needs trend monitoring + music partnership source"
"Normal","patreon","Patreon","signals","Open evidence question","Creator-teacher prevalence","Audience source | Company source","Strategy / monitoring","Resolve before board-ready use if this player is cited.","Needs musician category + creator economics source"
"Normal","patreon","Patreon","signals","Open evidence question","Relevance to Yousician partnerships or influencer strategy","Audience source | Company source","Strategy / monitoring","Resolve before board-ready use if this player is cited.","Needs musician category + creator economics source"
"High","musora","Musora","learning","Open evidence question","Subscriber/app scale by instrument","Appfigures | Similarweb","Competitive intel","Resolve before board-ready use if this player is cited.","Needs app data + subscriber / traffic validation"
"High","musora","Musora","learning","Open evidence question","Overlap with Yousician guitar, piano, and beginner segments","Appfigures | Similarweb","Competitive intel","Resolve before board-ready use if this player is cited.","Needs app data + subscriber / traffic validation"
"High","musora","Musora","learning","Open evidence question","Community and teacher-led retention mechanics","Appfigures | Similarweb","Competitive intel","Resolve before board-ready use if this player is cited.","Needs app data + subscriber / traffic validation"
"High","musora","Musora","learning","Credentialed data needed","Pull external metrics for size, reach, revenue, traffic, rank, or usage.","Appfigures | Similarweb","Competitive intel","Fill live-overrides-template.json or Airtable metrics fields.","Needs app data + subscriber / traffic validation"
"High","fretello","Fretello","learning","Open evidence question","Current Appfigures performance","Appfigures | Company source","Competitive intel","Resolve before board-ready use if this player is cited.","Public product/app sources linked; needs Appfigures"
"High","fretello","Fretello","learning","Open evidence question","Ownership and partnership status","Appfigures | Company source","Competitive intel","Resolve before board-ready use if this player is cited.","Public product/app sources linked; needs Appfigures"
"High","fretello","Fretello","learning","Open evidence question","Differentiation vs Yousician","Appfigures | Company source","Competitive intel","Resolve before board-ready use if this player is cited.","Public product/app sources linked; needs Appfigures"
"High","fretello","Fretello","learning","Credentialed data needed","Pull external metrics for size, reach, revenue, traffic, rank, or usage.","Appfigures | Company source","Competitive intel","Fill live-overrides-template.json or Airtable metrics fields.","Public product/app sources linked; needs Appfigures"
"Medium","playground-sessions","Playground Sessions","learning","Open evidence question","Current app performance","Appfigures | Similarweb | Company source","Competitive intel","Resolve before board-ready use if this player is cited.","Needs Appfigures + traffic source"
"Medium","playground-sessions","Playground Sessions","learning","Open evidence question","Pricing and conversion benchmarks","Appfigures | Similarweb | Company source","Competitive intel","Resolve before board-ready use if this player is cited.","Needs Appfigures + traffic source"
"Medium","playground-sessions","Playground Sessions","learning","Open evidence question","Catalog and teacher/celebrity marketing impact","Appfigures | Similarweb | Company source","Competitive intel","Resolve before board-ready use if this player is cited.","Needs Appfigures + traffic source"
"Medium","playground-sessions","Playground Sessions","learning","Credentialed data needed","Pull external metrics for size, reach, revenue, traffic, rank, or usage.","Appfigures | Similarweb | Company source","Competitive intel","Fill live-overrides-template.json or Airtable metrics fields.","Needs Appfigures + traffic source"
"Medium","tomplay","Tomplay","practice","Open evidence question","Catalog depth and licensing model","Appfigures | Legal/news","Practice & content","Resolve before board-ready use if this player is cited.","Needs app data + catalog / rights validation"
"Medium","tomplay","Tomplay","practice","Open evidence question","Teacher/school adoption","Appfigures | Legal/news","Practice & content","Resolve before board-ready use if this player is cited.","Needs app data + catalog / rights validation"
"Medium","tomplay","Tomplay","practice","Open evidence question","App performance and paid conversion","Appfigures | Legal/news","Practice & content","Resolve before board-ready use if this player is cited.","Needs app data + catalog / rights validation"
"Medium","tomplay","Tomplay","practice","Credentialed data needed","Pull external metrics for size, reach, revenue, traffic, rank, or usage.","Appfigures | Legal/news","Practice & content","Fill live-overrides-template.json or Airtable metrics fields.","Needs app data + catalog / rights validation"
"High","chord-ai","Chord ai","practice","Open evidence question","Accuracy and retention","Appfigures | Company source","Practice & content","Resolve before board-ready use if this player is cited.","Public product/company/app sources linked; needs Appfigures + accuracy validation"
"High","chord-ai","Chord ai","practice","Open evidence question","Revenue and ranking trend","Appfigures | Company source","Practice & content","Resolve before board-ready use if this player is cited.","Public product/company/app sources linked; needs Appfigures + accuracy validation"
"High","chord-ai","Chord ai","practice","Open evidence question","Overlap with GuitarTuna chord/tuner workflows","Appfigures | Company source","Practice & content","Resolve before board-ready use if this player is cited.","Public product/company/app sources linked; needs Appfigures + accuracy validation"
"High","chord-ai","Chord ai","practice","Credentialed data needed","Pull external metrics for size, reach, revenue, traffic, rank, or usage.","Appfigures | Company source","Practice & content","Fill live-overrides-template.json or Airtable metrics fields.","Public product/company/app sources linked; needs Appfigures + accuracy validation"
"Normal","musicca","Musicca","education","Open evidence question","Traffic and SEO scale","Similarweb | Company source","Learning strategy","Resolve before board-ready use if this player is cited.","Public product/exercise sources linked; needs traffic + audience validation"
"Normal","musicca","Musicca","education","Open evidence question","Conversion from theory tools to instrument practice","Similarweb | Company source","Learning strategy","Resolve before board-ready use if this player is cited.","Public product/exercise sources linked; needs traffic + audience validation"
"Normal","musicca","Musicca","education","Open evidence question","Fit as benchmark or partner surface","Similarweb | Company source","Learning strategy","Resolve before board-ready use if this player is cited.","Public product/exercise sources linked; needs traffic + audience validation"
"Medium","musicca","Musicca","education","Credentialed data needed","Pull external metrics for size, reach, revenue, traffic, rank, or usage.","Similarweb | Company source","Learning strategy","Fill live-overrides-template.json or Airtable metrics fields.","Public product/exercise sources linked; needs traffic + audience validation"
"Medium","abrsm","ABRSM","education","Open evidence question","Regional relevance for Yousician priority markets","Manual research","Learning strategy","Resolve before board-ready use if this player is cited.","Needs regional uptake and digital tool validation"
"Medium","abrsm","ABRSM","education","Open evidence question","Digital tool adoption","Manual research","Learning strategy","Resolve before board-ready use if this player is cited.","Needs regional uptake and digital tool validation"
"Medium","abrsm","ABRSM","education","Open evidence question","Teacher and parent influence on learning choices","Manual research","Learning strategy","Resolve before board-ready use if this player is cited.","Needs regional uptake and digital tool validation"
"Normal","rcm","Royal Conservatory of Music","education","Open evidence question","Digital product traction","Company source","Learning strategy","Resolve before board-ready use if this player is cited.","Public learning/digital sources linked; needs teacher-channel validation"
"Normal","rcm","Royal Conservatory of Music","education","Open evidence question","North American teacher/student adoption","Company source","Learning strategy","Resolve before board-ready use if this player is cited.","Public learning/digital sources linked; needs teacher-channel validation"
"Normal","rcm","Royal Conservatory of Music","education","Open evidence question","Potential curriculum-alignment relevance","Company source","Learning strategy","Resolve before board-ready use if this player is cited.","Public learning/digital sources linked; needs teacher-channel validation"
"Medium","school-of-rock","School of Rock","education","Open evidence question","Current school/location count","Appfigures | Company source","Learning strategy","Resolve before board-ready use if this player is cited.","Public app sources linked; needs location count + manual site check"
"Medium","school-of-rock","School of Rock","education","Open evidence question","Student reach and demographics","Appfigures | Company source","Learning strategy","Resolve before board-ready use if this player is cited.","Public app sources linked; needs location count + manual site check"
"Medium","school-of-rock","School of Rock","education","Open evidence question","Hybrid/digital learning tool relevance","Appfigures | Company source","Learning strategy","Resolve before board-ready use if this player is cited.","Public app sources linked; needs location count + manual site check"
"Normal","flat-io","Flat for Education","education","Open evidence question","School penetration","Company source","Learning strategy","Resolve before board-ready use if this player is cited.","Public product/education sources linked; needs school penetration data"
"Normal","flat-io","Flat for Education","education","Open evidence question","AI/composition roadmap","Company source","Learning strategy","Resolve before board-ready use if this player is cited.","Public product/education sources linked; needs school penetration data"
"Normal","flat-io","Flat for Education","education","Open evidence question","Overlap with notation/practice platforms","Company source","Learning strategy","Resolve before board-ready use if this player is cited.","Public product/education sources linked; needs school penetration data"
"Normal","noteflight","Noteflight","education","Open evidence question","Ownership and traffic","Similarweb | Crunchbase | Company source","Learning strategy","Resolve before board-ready use if this player is cited.","Needs traffic and ownership source"
"Normal","noteflight","Noteflight","education","Open evidence question","Classroom adoption scale","Similarweb | Crunchbase | Company source","Learning strategy","Resolve before board-ready use if this player is cited.","Needs traffic and ownership source"
"Normal","noteflight","Noteflight","education","Open evidence question","AI composition or teacher workflow roadmap","Similarweb | Crunchbase | Company source","Learning strategy","Resolve before board-ready use if this player is cited.","Needs traffic and ownership source"
"Medium","noteflight","Noteflight","education","Credentialed data needed","Pull external metrics for size, reach, revenue, traffic, rank, or usage.","Similarweb | Crunchbase | Company source","Learning strategy","Fill live-overrides-template.json or Airtable metrics fields.","Needs traffic and ownership source"
"Normal","donner","Donner","hardware","Open evidence question","Sales scale and geography split","Appfigures | Company source","Partnerships","Resolve before board-ready use if this player is cited.","Public retail/app sources linked; needs sales + geography data"
"Normal","donner","Donner","hardware","Open evidence question","App usage and connected gear adoption","Appfigures | Company source","Partnerships","Resolve before board-ready use if this player is cited.","Public retail/app sources linked; needs sales + geography data"
"Normal","donner","Donner","hardware","Open evidence question","Beginner bundle partnerships","Appfigures | Company source","Partnerships","Resolve before board-ready use if this player is cited.","Public retail/app sources linked; needs sales + geography data"
"Normal","gear4music","Gear4music","hardware","Open evidence question","Traffic and category share","Similarweb","Partnerships","Resolve before board-ready use if this player is cited.","Needs traffic + education-channel validation"
"Normal","gear4music","Gear4music","hardware","Open evidence question","Education-channel sales data","Similarweb","Partnerships","Resolve before board-ready use if this player is cited.","Needs traffic + education-channel validation"
"Normal","gear4music","Gear4music","hardware","Open evidence question","Bundle/referral opportunity","Similarweb","Partnerships","Resolve before board-ready use if this player is cited.","Needs traffic + education-channel validation"
"Medium","gear4music","Gear4music","hardware","Credentialed data needed","Pull external metrics for size, reach, revenue, traffic, rank, or usage.","Similarweb","Partnerships","Fill live-overrides-template.json or Airtable metrics fields.","Needs traffic + education-channel validation"
"Normal","audacity","Audacity","creation","Open evidence question","Current Muse Group roadmap","Company source","Creator ecosystem","Resolve before board-ready use if this player is cited.","Needs usage scale + roadmap source"
"Normal","audacity","Audacity","creation","Open evidence question","AI editing/transcription direction","Company source","Creator ecosystem","Resolve before board-ready use if this player is cited.","Needs usage scale + roadmap source"
"Normal","audacity","Audacity","creation","Open evidence question","Hobbyist learner overlap","Company source","Creator ecosystem","Resolve before board-ready use if this player is cited.","Needs usage scale + roadmap source"
"Normal","soundation","Soundation","creation","Open evidence question","Education use and traffic","Appfigures | Similarweb | Company source","Creator ecosystem","Resolve before board-ready use if this player is cited.","Public product source linked; needs app/traffic + education validation"
"Normal","soundation","Soundation","creation","Open evidence question","AI-assisted creation roadmap","Appfigures | Similarweb | Company source","Creator ecosystem","Resolve before board-ready use if this player is cited.","Public product source linked; needs app/traffic + education validation"
"Normal","soundation","Soundation","creation","Open evidence question","Overlap with beginner production pathways","Appfigures | Similarweb | Company source","Creator ecosystem","Resolve before board-ready use if this player is cited.","Public product source linked; needs app/traffic + education validation"
"Medium","soundation","Soundation","creation","Credentialed data needed","Pull external metrics for size, reach, revenue, traffic, rank, or usage.","Appfigures | Similarweb | Company source","Creator ecosystem","Fill live-overrides-template.json or Airtable metrics fields.","Public product source linked; needs app/traffic + education validation"
"Normal","beatstars","BeatStars","creation","Open evidence question","Marketplace scale","Similarweb | Audience source","Creator ecosystem","Resolve before board-ready use if this player is cited.","Needs traffic + marketplace scale validation"
"Normal","beatstars","BeatStars","creation","Open evidence question","AI-generated beat policy","Similarweb | Audience source","Creator ecosystem","Resolve before board-ready use if this player is cited.","Needs traffic + marketplace scale validation"
"Normal","beatstars","BeatStars","creation","Open evidence question","Relevance to learning-to-creator journey","Similarweb | Audience source","Creator ecosystem","Resolve before board-ready use if this player is cited.","Needs traffic + marketplace scale validation"
"Medium","beatstars","BeatStars","creation","Credentialed data needed","Pull external metrics for size, reach, revenue, traffic, rank, or usage.","Similarweb | Audience source","Creator ecosystem","Fill live-overrides-template.json or Airtable metrics fields.","Needs traffic + marketplace scale validation"
"Medium","flow-music","Flow Music","ai","Open evidence question","Riffusion/Flow ownership and rebrand details","Appfigures | Crunchbase | Legal/news","AI strategy","Resolve before board-ready use if this player is cited.","Needs funding, usage, rights, and rebrand validation"
"Medium","flow-music","Flow Music","ai","Open evidence question","User adoption and rights posture","Appfigures | Crunchbase | Legal/news","AI strategy","Resolve before board-ready use if this player is cited.","Needs funding, usage, rights, and rebrand validation"
"Medium","flow-music","Flow Music","ai","Open evidence question","Competitive positioning vs Suno and Udio","Appfigures | Crunchbase | Legal/news","AI strategy","Resolve before board-ready use if this player is cited.","Needs funding, usage, rights, and rebrand validation"
"Normal","ripx-daw","RipX DAW","ai","Open evidence question","User scale and education use","Manual research","AI strategy","Resolve before board-ready use if this player is cited.","Needs user scale and musician workflow validation"
"Normal","ripx-daw","RipX DAW","ai","Open evidence question","Accuracy and workflow differentiation","Manual research","AI strategy","Resolve before board-ready use if this player is cited.","Needs user scale and musician workflow validation"
"Normal","ripx-daw","RipX DAW","ai","Open evidence question","Practice/backing-track relevance","Manual research","AI strategy","Resolve before board-ready use if this player is cited.","Needs user scale and musician workflow validation"
"Medium","klangio","Klangio","ai","Open evidence question","Accuracy by instrument","Appfigures | Company source","AI strategy","Resolve before board-ready use if this player is cited.","Public product source linked; needs app usage + accuracy validation"
"Medium","klangio","Klangio","ai","Open evidence question","Teacher and transcriber adoption","Appfigures | Company source","AI strategy","Resolve before board-ready use if this player is cited.","Public product source linked; needs app usage + accuracy validation"
"Medium","klangio","Klangio","ai","Open evidence question","Overlap with song-to-practice workflows","Appfigures | Company source","AI strategy","Resolve before board-ready use if this player is cited.","Public product source linked; needs app usage + accuracy validation"
"Normal","music-ally","Music Ally","signals","Open evidence question","Monitoring setup and subscription access","Audience source | Legal/news | Company source","Strategy / monitoring","Resolve before board-ready use if this player is cited.","Needs monitoring feed setup"
"Normal","music-ally","Music Ally","signals","Open evidence question","Weekly scan ownership","Audience source | Legal/news | Company source","Strategy / monitoring","Resolve before board-ready use if this player is cited.","Needs monitoring feed setup"
"Normal","music-ally","Music Ally","signals","Open evidence question","Which topics should feed the board export","Audience source | Legal/news | Company source","Strategy / monitoring","Resolve before board-ready use if this player is cited.","Needs monitoring feed setup"
"Medium","midia-research","MIDiA Research","signals","Open evidence question","Report access and licensing","Audience source | Company source","Strategy / monitoring","Resolve before board-ready use if this player is cited.","Needs report access / subscription validation"
"Medium","midia-research","MIDiA Research","signals","Open evidence question","Most relevant music participation reports","Audience source | Company source","Strategy / monitoring","Resolve before board-ready use if this player is cited.","Needs report access / subscription validation"
"Medium","midia-research","MIDiA Research","signals","Open evidence question","Cadence for updating market assumptions","Audience source | Company source","Strategy / monitoring","Resolve before board-ready use if this player is cited.","Needs report access / subscription validation"
"Medium","midia-research","MIDiA Research","signals","Credentialed data needed","Pull external metrics for size, reach, revenue, traffic, rank, or usage.","Audience source | Company source","Strategy / monitoring","Fill live-overrides-template.json or Airtable metrics fields.","Needs report access / subscription validation"
"Normal","namm","NAMM","signals","Open evidence question","Which NAMM announcements matter to Yousician","Company source","Strategy / monitoring","Resolve before board-ready use if this player is cited.","Needs event/news monitoring setup"
"Normal","namm","NAMM","signals","Open evidence question","Partner shortlist from member/event ecosystem","Company source","Strategy / monitoring","Resolve before board-ready use if this player is cited.","Needs event/news monitoring setup"
"Normal","namm","NAMM","signals","Open evidence question","Education and connected-gear signals","Company source","Strategy / monitoring","Resolve before board-ready use if this player is cited.","Needs event/news monitoring setup"
"Normal","luminate","Luminate","signals","Open evidence question","Data/report access","Company source","Strategy / monitoring","Resolve before board-ready use if this player is cited.","Needs data access / report permission"
"Normal","luminate","Luminate","signals","Open evidence question","Song and genre trend relevance for learning demand","Company source","Strategy / monitoring","Resolve before board-ready use if this player is cited.","Needs data access / report permission"
"Normal","luminate","Luminate","signals","Open evidence question","How to connect to strategic monitoring","Company source","Strategy / monitoring","Resolve before board-ready use if this player is cited.","Needs data access / report permission"
"Medium","luminate","Luminate","signals","Credentialed data needed","Pull external metrics for size, reach, revenue, traffic, rank, or usage.","Company source","Strategy / monitoring","Fill live-overrides-template.json or Airtable metrics fields.","Needs data access / report permission"
"Normal","chartmetric","Chartmetric","signals","Open evidence question","API/account access","Manual research","Strategy / monitoring","Resolve before board-ready use if this player is cited.","Needs account/API access"
"Normal","chartmetric","Chartmetric","signals","Open evidence question","TikTok-to-learning demand signal design","Manual research","Strategy / monitoring","Resolve before board-ready use if this player is cited.","Needs account/API access"
"Normal","chartmetric","Chartmetric","signals","Open evidence question","Artist/song trend monitoring cadence","Manual research","Strategy / monitoring","Resolve before board-ready use if this player is cited.","Needs account/API access"
"Medium","chartmetric","Chartmetric","signals","Credentialed data needed","Pull external metrics for size, reach, revenue, traffic, rank, or usage.","Manual research","Strategy / monitoring","Fill live-overrides-template.json or Airtable metrics fields.","Needs account/API access"
"Normal","a16z-consumer","a16z Consumer","signals","Open evidence question","Relevant consumer AI portfolio moves","Crunchbase | Audience source | Company source","Strategy / monitoring","Resolve before board-ready use if this player is cited.","Public investor thesis source linked; needs deal monitoring"
"Normal","a16z-consumer","a16z Consumer","signals","Open evidence question","Music, creator, or education thesis mentions","Crunchbase | Audience source | Company source","Strategy / monitoring","Resolve before board-ready use if this player is cited.","Public investor thesis source linked; needs deal monitoring"
"Normal","a16z-consumer","a16z Consumer","signals","Open evidence question","Deal-monitoring cadence and owner","Crunchbase | Audience source | Company source","Strategy / monitoring","Resolve before board-ready use if this player is cited.","Public investor thesis source linked; needs deal monitoring"
"Normal","general-catalyst","General Catalyst","signals","Open evidence question","Relevant AI, education, or consumer portfolio companies","Crunchbase | Audience source | Company source","Strategy / monitoring","Resolve before board-ready use if this player is cited.","Public company source linked; needs portfolio watchlist"
"Normal","general-catalyst","General Catalyst","signals","Open evidence question","Any thesis overlap with music learning or creator workflows","Crunchbase | Audience source | Company source","Strategy / monitoring","Resolve before board-ready use if this player is cited.","Public company source linked; needs portfolio watchlist"
"Normal","general-catalyst","General Catalyst","signals","Open evidence question","Watchlist owner and update cadence","Crunchbase | Audience source | Company source","Strategy / monitoring","Resolve before board-ready use if this player is cited.","Public company source linked; needs portfolio watchlist"
"Normal","eic-accelerator","EIC Accelerator","signals","Open evidence question","Eligibility for Yousician-owned initiatives","Crunchbase | Programme source | Company source","Strategy / monitoring","Resolve before board-ready use if this player is cited.","Public funding source linked; needs eligibility review"
"Normal","eic-accelerator","EIC Accelerator","signals","Open evidence question","Best-fit challenge themes and cut-off dates","Crunchbase | Programme source | Company source","Strategy / monitoring","Resolve before board-ready use if this player is cited.","Public funding source linked; needs eligibility review"
"Normal","eic-accelerator","EIC Accelerator","signals","Open evidence question","Grant vs equity suitability","Crunchbase | Programme source | Company source","Strategy / monitoring","Resolve before board-ready use if this player is cited.","Public funding source linked; needs eligibility review"
"Normal","horizon-europe-cluster-2","Horizon Europe Cluster 2","signals","Open evidence question","Relevant 2026-27 work-programme calls","Crunchbase | Programme source | Company source","Strategy / monitoring","Resolve before board-ready use if this player is cited.","Public funding source linked; needs work-programme scan"
"Normal","horizon-europe-cluster-2","Horizon Europe Cluster 2","signals","Open evidence question","Potential consortium partners","Crunchbase | Programme source | Company source","Strategy / monitoring","Resolve before board-ready use if this player is cited.","Public funding source linked; needs work-programme scan"
"Normal","horizon-europe-cluster-2","Horizon Europe Cluster 2","signals","Open evidence question","Fit for music participation, learning impact, or cultural inclusion","Crunchbase | Programme source | Company source","Strategy / monitoring","Resolve before board-ready use if this player is cited.","Public funding source linked; needs work-programme scan"
"Normal","eit-culture-creativity","EIT Culture & Creativity","signals","Open evidence question","Open accelerator or skills-programme calls","Programme source | Company source","Strategy / monitoring","Resolve before board-ready use if this player is cited.","Public programme source linked; needs opportunity monitoring"
"Normal","eit-culture-creativity","EIT Culture & Creativity","signals","Open evidence question","Partnership fit for music-learning initiatives","Programme source | Company source","Strategy / monitoring","Resolve before board-ready use if this player is cited.","Public programme source linked; needs opportunity monitoring"
"Normal","eit-culture-creativity","EIT Culture & Creativity","signals","Open evidence question","Expected effort and internal owner","Programme source | Company source","Strategy / monitoring","Resolve before board-ready use if this player is cited.","Public programme source linked; needs opportunity monitoring"
"Normal","apple-design-awards","Apple Design Awards","signals","Open evidence question","Which annual categories fit Yousician best","Appfigures | Award source | Company source","Strategy / monitoring","Resolve before board-ready use if this player is cited.","Public award source linked; needs category-fit review"
"Normal","apple-design-awards","Apple Design Awards","signals","Open evidence question","Submission calendar and owner","Appfigures | Award source | Company source","Strategy / monitoring","Resolve before board-ready use if this player is cited.","Public award source linked; needs category-fit review"
"Normal","apple-design-awards","Apple Design Awards","signals","Open evidence question","Product-quality gaps against finalist benchmark","Appfigures | Award source | Company source","Strategy / monitoring","Resolve before board-ready use if this player is cited.","Public award source linked; needs category-fit review"
"Normal","google-play-best-of","Google Play Best Of","signals","Open evidence question","Relevant 2026 category once published","Appfigures | Award source | Company source","Strategy / monitoring","Resolve before board-ready use if this player is cited.","Public award source linked; needs category-fit review"
"Normal","google-play-best-of","Google Play Best Of","signals","Open evidence question","Android product story and submission owner","Appfigures | Award source | Company source","Strategy / monitoring","Resolve before board-ready use if this player is cited.","Public award source linked; needs category-fit review"
"Normal","google-play-best-of","Google Play Best Of","signals","Open evidence question","Competitive recognition examples in learning or creativity","Appfigures | Award source | Company source","Strategy / monitoring","Resolve before board-ready use if this player is cited.","Public award source linked; needs category-fit review"
"Normal","music-tectonics","Music Tectonics","signals","Open evidence question","Pitch competition and startup shortlist","Audience source | Legal/news | Company source","Strategy / monitoring","Resolve before board-ready use if this player is cited.","Public conference source linked; needs annual scan"
"Normal","music-tectonics","Music Tectonics","signals","Open evidence question","AI/rights/creator-tool themes to track","Audience source | Legal/news | Company source","Strategy / monitoring","Resolve before board-ready use if this player is cited.","Public conference source linked; needs annual scan"
"Normal","music-tectonics","Music Tectonics","signals","Open evidence question","Partner or investor intros worth pursuing","Audience source | Legal/news | Company source","Strategy / monitoring","Resolve before board-ready use if this player is cited.","Public conference source linked; needs annual scan"
"Normal","learning-technologies-awards","Learning Technologies Awards","signals","Open evidence question","Whether music learning has credible category fit","Award source | Company source","Strategy / monitoring","Resolve before board-ready use if this player is cited.","Public award source linked; needs relevance review"
"Normal","learning-technologies-awards","Learning Technologies Awards","signals","Open evidence question","Which AI-learning criteria are relevant","Award source | Company source","Strategy / monitoring","Resolve before board-ready use if this player is cited.","Public award source linked; needs relevance review"
"Normal","learning-technologies-awards","Learning Technologies Awards","signals","Open evidence question","Use as benchmark only or active submission target","Award source | Company source","Strategy / monitoring","Resolve before board-ready use if this player is cited.","Public award source linked; needs relevance review"
"Normal","sxsw-edu-launch","SXSW EDU Launch","signals","Open evidence question","Relevant finalist patterns for music learning","Company source","Strategy / monitoring","Resolve before board-ready use if this player is cited.","Public competition source linked; needs annual scan"
"Normal","sxsw-edu-launch","SXSW EDU Launch","signals","Open evidence question","Investor-facing EdTech claims to benchmark","Company source","Strategy / monitoring","Resolve before board-ready use if this player is cited.","Public competition source linked; needs annual scan"
"Normal","sxsw-edu-launch","SXSW EDU Launch","signals","Open evidence question","Whether to monitor only or pursue presence","Company source","Strategy / monitoring","Resolve before board-ready use if this player is cited.","Public competition source linked; needs annual scan"
